"","orig.ident","nCount_Spatial","nFeature_Spatial","percent.mt","percent.red","nCount_SCT","nFeature_SCT","SCT_snn_res.0","SCT_snn_res.0.1","SCT_snn_res.0.2","SCT_snn_res.0.3","SCT_snn_res.0.4","SCT_snn_res.0.5","SCT_snn_res.0.6","SCT_snn_res.0.7","SCT_snn_res.0.8","SCT_snn_res.0.9","SCT_snn_res.1","SCT_snn_res.1.1","SCT_snn_res.1.2","seurat_clusters","UMAP_1","UMAP_2","New_celltype"
"AACACTTGGCAAGGAA-1","SeuratProject",8357,4382,2.66842168242192,0,75113,10840,"0","0","0","0","0","0","0","0","0","0","0","0","0","6",-1.034477059467,-4.36610813064515,"RPC/PC"
"AACCAAGGTATCAGGC-1","SeuratProject",143926,11658,0.815696955379848,0.00903241943776663,78718,10939,"0","0","0","1","1","1","2","2","2","1","1","1","1","2",-1.14612371168868,0.137090016174914,"RPC/PC_precursors/MC"
"AACCGCCAGACTACTT-1","SeuratProject",69084,9931,0.372010885299056,0.0289502634473974,76731,9928,"0","0","0","0","0","0","0","0","0","0","0","0","0","6",0.55658977784379,-4.4174992553705,"RPC/PC"
"AACGAGCTAATAACTA-1","SeuratProject",272252,12457,0.926714955262037,0.00514229463879053,78858,10780,"0","0","2","3","3","2","1","1","1","6","6","6","6","1",2.47945993699296,-0.774417828750013,"RGC/RPC"
"AACTAGGCCTGACACC-1","SeuratProject",45667,9159,1.35327479361465,0,76604,9712,"0","1","1","2","2","3","3","3","3","2","2","2","2","3",-3.06822950087325,3.6155350692755,"RPE/RPE_progenitors"
"AACTGCAACGTCCTGG-1","SeuratProject",8242,4238,1.14049987867023,0.024265954865324,74833,10848,"0","0","0","0","0","0","0","0","0","0","0","0","0","6",-2.66455570302741,3.08874051647246,"RPC/PC"
"AACTGCGGTCCGAAGC-1","SeuratProject",79194,10070,0.400282849710837,0.0151526630805364,78684,10067,"0","0","0","1","4","4","4","8","8","9","9","9","9","4",-2.96373067118065,0.999370921421648,"hRSLCs"
"AACTGGTCATGTGGTT-1","SeuratProject",48180,9358,0.645496056454961,0.004151100041511,76723,9670,"0","0","0","0","0","0","0","5","5","5","5","5","5","6",1.77389639176591,2.56321393327773,"RPC/PC"
"AACTTCGCTTAGTCAG-1","SeuratProject",1914,1514,1.51515151515152,0,73215,11235,"0","0","0","0","0","0","0","0","0","0","0","0","0","6",-1.82879764281051,-1.08020920677125,"RPC/PC"
"AAGCCACTATGTCTAA-1","SeuratProject",170470,11935,1.082301871297,0.00703936176453335,78695,10890,"0","0","0","0","0","2","1","1","1","3","3","3","3","1",2.42688339509233,0.758653569985033,"RGC/RPC"
"AAGCGTTCGTCTGTCC-1","SeuratProject",26565,7358,1.17447769621683,0.00752870318087709,74755,10469,"0","0","0","0","0","0","0","0","0","0","0","0","0","6",-1.9852433248593,4.02745537834227,"RPC/PC"
"AAGGACCAACATGGCT-1","SeuratProject",86150,10377,0.340104468949507,0.0139291932675566,78686,10371,"0","0","0","1","4","4","4","8","8","9","9","9","9","4",-2.73998873375194,1.53482805566847,"hRSLCs"
"AAGGCAGTCTGATCAC-1","SeuratProject",167790,11920,1.01555515823351,0.0113236784075332,78686,10925,"0","0","0","1","1","1","2","2","2","1","1","1","1","2",-0.564153258426352,-0.543117951583265,"RPC/PC_precursors/MC"
"AAGGCCAATTCAATAA-1","SeuratProject",15654,6072,0.517439632042928,0.00638814360546825,75683,10482,"0","0","0","0","0","0","0","0","0","0","0","0","0","6",3.48211067475541,2.90556376056731,"RPC/PC"
"AAGGCCGACCTACCTG-1","SeuratProject",6636,3765,3.87281494876432,0.0150693188667872,74927,10933,"0","0","0","0","0","0","0","0","0","0","0","0","0","6",-1.22702128134505,-4.49740905685365,"RPC/PC"
"AAGGTTGCAGAAGCAG-1","SeuratProject",96811,10631,0.913119376930308,0.0051647023582031,78464,10598,"0","0","0","0","4","4","4","5","5","5","5","5","5","4",1.26371210374101,3.34385733680785,"hRSLCs"
"AAGTCTGTCAATTCTT-1","SeuratProject",122535,11254,0.421920267678622,0.00897702697188558,78423,10810,"0","0","0","1","1","1","5","4","4","4","4","4","4","5",-3.02751423857944,-2.6793605796808,"RPC/PC/AC_HC/BC/MC"
"AAGTGAGCCTGTTACA-1","SeuratProject",30709,8118,0.755478849848579,0.00976912305838679,76254,9877,"0","0","0","0","0","0","0","5","5","5","5","5","5","6",2.92948454179032,2.43124573307097,"RPC/PC"
"AAGTGGACGAATCTAC-1","SeuratProject",329077,12664,1.17571267514898,0.00668536543119088,79386,10830,"0","0","0","1","4","4","4","8","8","9","9","9","9","4",-1.88002223215835,2.2615705616957,"hRSLCs"
"AATAACTTCATACGGA-1","SeuratProject",51756,9644,0.794110827730118,0.00772857253265322,76757,9786,"0","0","0","1","1","1","2","2","2","1","1","1","1","2",-0.784298245532675,-1.36652226371705,"RPC/PC_precursors/MC"
"AATAGTATAGTTGTCG-1","SeuratProject",21830,7303,1.67659184608337,0,75785,10316,"0","0","0","1","1","1","2","2","2","1","1","1","1","2",-1.43468076430099,-0.945313882064222,"RPC/PC_precursors/MC"
"AATATTAGGCTTCTGG-1","SeuratProject",99663,10999,0.562896962764516,0.018060865115439,78444,10964,"0","0","0","1","1","1","5","4","4","4","4","4","4","5",-2.65065309844748,-2.63457364959657,"RPC/PC/AC_HC/BC/MC"
"AATGAAGACGGTTCAG-1","SeuratProject",99260,10852,1.60789844851904,0.0130969171871852,78596,10749,"0","1","1","2","2","3","3","3","3","2","2","2","2","3",-3.8450456305577,4.03144698219359,"RPE/RPE_progenitors"
"AATGATCTTGACAGCG-1","SeuratProject",206295,12158,0.827940570542185,0.00484742722799874,78663,10875,"0","0","0","1","1","1","2","2","2","1","1","1","1","2",-0.490779463870687,-1.41631097717225,"RPC/PC_precursors/MC"
"AATGGACATCCTACTC-1","SeuratProject",85696,10877,0.751493651979089,0.0105022404779686,78721,10871,"0","0","0","1","1","1","2","2","2","1","1","1","1","2",-0.337164466006918,-1.50439758224428,"RPC/PC_precursors/MC"
"AATTAGCAACCGTTCC-1","SeuratProject",130625,11035,0.453205741626794,0.00995215311004785,78379,10274,"0","0","0","1","4","4","4","8","8","9","9","9","9","4",-2.82445434175269,1.24152283744872,"hRSLCs"
"AATTGGAGACATGGAG-1","SeuratProject",53845,9376,0.460581298170675,0.0148574612313121,76997,9495,"0","0","0","1","1","1","5","4","4","4","4","4","4","5",-3.11303386531608,-0.961111735534071,"RPC/PC/AC_HC/BC/MC"
"AATTGGTTATGATACA-1","SeuratProject",1374,1141,2.83842794759825,0,72864,11291,"0","0","0","0","0","0","0","0","0","0","0","0","0","6",-0.990995232684774,-4.83076305313051,"RPC/PC"
"ACAACCTTGGTGTCAA-1","SeuratProject",33130,8659,1.05644431029279,0.00603682463024449,76233,9961,"0","0","0","0","0","0","0","0","0","0","3","3","3","6",0.704136546032267,1.33261140065253,"RPC/PC"
"ACAACTAAGGTGTTAT-1","SeuratProject",164254,11715,0.320844545642724,0.0127850767713419,78555,10613,"0","0","0","1","1","1","5","4","4","4","4","4","4","5",-3.04238689385192,-2.5051605216974,"RPC/PC/AC_HC/BC/MC"
"ACATCTCGACAACCAC-1","SeuratProject",27901,7826,1.45156087595427,0.00358410092828214,76248,10007,"0","0","0","0","0","0","0","5","5","5","5","5","5","6",3.16035431184037,2.22834702210486,"RPC/PC"
"ACCACGGCCTCGCACC-1","SeuratProject",45895,9374,1.56879834404619,0.0152522061226713,76782,9759,"0","0","0","1","1","1","2","2","2","1","1","1","1","2",-1.10456699572341,-0.7850996963495,"RPC/PC_precursors/MC"
"ACCGGACGCCAAGCGT-1","SeuratProject",91218,10470,0.567870376460786,0.0263105965927777,78433,10465,"0","0","0","1","1","1","5","4","4","4","4","4","4","5",-3.31499606810348,-1.28116674346864,"RPC/PC/AC_HC/BC/MC"
"ACCGGCACGTACGAAC-1","SeuratProject",101061,10786,0.754000059370083,0.00791601112199563,78382,10728,"0","0","0","0","0","0","0","5","5","5","5","5","5","6",3.15909307755692,2.0636289604193,"RPC/PC"
"ACCTGCTTATAGTTCG-1","SeuratProject",160138,11541,0.518927425095855,0.0131136894428555,78404,10541,"0","0","0","1","1","1","5","4","4","4","4","4","4","5",-3.02025896750228,-1.96747417373598,"RPC/PC/AC_HC/BC/MC"
"ACGAACGCACGAGCAC-1","SeuratProject",19505,6627,2.0046142014868,0,75440,10471,"0","1","1","2","2","3","3","3","3","2","2","2","2","3",-3.10153502665298,4.58766369895995,"RPE/RPE_progenitors"
"ACGATGCTCCAATACA-1","SeuratProject",225149,11595,0.2398411718462,0.0230958165481526,78585,9776,"0","0","0","0","0","0","0","0","0","0","0","0","0","6",0.72976249016984,-5.29708642883241,"RPC/PC"
"ACGCAACGAAGAGTAT-1","SeuratProject",249444,11980,0.371225605747182,0.0120267474864098,78366,10230,"0","0","0","1","1","1","5","4","4","4","4","4","4","5",-3.42999130926864,-0.600822877120375,"RPC/PC/AC_HC/BC/MC"
"ACGGTTCGTACAGTTG-1","SeuratProject",4950,3173,1.5959595959596,0.0202020202020202,74114,11015,"0","0","0","0","0","0","0","0","0","0","0","0","0","6",-0.617136542422934,-4.26401777191102,"RPC/PC"
"ACGTTCACATGATCTG-1","SeuratProject",91449,10854,1.04211090334503,0.00656103401896139,78450,10850,"0","0","0","1","1","1","2","2","2","1","1","1","1","2",-0.985442583186789,-1.75391025466859,"RPC/PC_precursors/MC"
"ACGTTCCATTACCTCA-1","SeuratProject",125710,11132,0.491607668443242,0.0103412616339193,78545,10513,"0","0","0","0","4","4","4","5","5","5","5","5","5","4",-0.448797528369589,3.24809258060515,"hRSLCs"
"ACGTTCTATGCACGAC-1","SeuratProject",23991,7061,0.67108499020466,0.0250093785169439,76013,10150,"0","1","1","2","2","3","3","3","3","2","2","2","2","3",-3.00893438301818,5.18555598335326,"RPE/RPE_progenitors"
"ACTAGATCTGAAGCGG-1","SeuratProject",141758,11369,0.46487676180533,0.0155194063121658,78463,10615,"0","0","0","1","1","1","5","4","4","4","4","4","4","5",-2.70537893913524,-2.34912462158143,"RPC/PC/AC_HC/BC/MC"
"ACTATGAGGTTCTGTC-1","SeuratProject",38643,8674,0.934192479879926,0.0103511632119659,76467,9716,"0","0","0","0","4","4","4","5","5","5","5","5","5","4",-0.340324704272909,3.49890856819213,"hRSLCs"
"ACTATTGCGAGCTAGA-1","SeuratProject",40947,9022,0.97687254255501,0.00488436271277505,76464,9760,"0","0","0","0","4","4","4","5","5","5","5","5","5","4",-0.0925884886814785,2.35831945018828,"hRSLCs"
"ACTCCACGTTCGCTAC-1","SeuratProject",2262,1725,1.5473032714412,0,73570,11190,"0","0","0","0","0","0","0","0","0","0","0","0","0","6",-1.30816740237014,-4.24069518966615,"RPC/PC"
"ACTCTACTTCCGCATT-1","SeuratProject",121370,11161,0.487764686495839,0.0148306830353465,78419,10729,"0","0","0","0","0","0","0","0","0","0","0","8","7","6",2.47376220978959,-4.27969140930116,"RPC/PC"
"ACTGAGGATAGGCGCT-1","SeuratProject",42611,9035,0.71108399239633,0.00704043556828049,76523,9634,"0","0","0","0","0","0","0","5","5","5","5","5","5","6",1.55316513337358,2.40430765228331,"RPC/PC"
"ACTGATACTCCATTAC-1","SeuratProject",12427,5660,0.933451355918564,0,74926,10669,"0","0","0","0","0","0","0","0","0","0","0","0","0","6",0.419758255855875,1.82670092212021,"RPC/PC"
"AGAAGCAGCCTAAGCT-1","SeuratProject",60265,9865,1.09350369202688,0.00663735169667303,76950,9879,"0","0","0","1","4","4","4","8","8","9","9","9","9","4",-2.14675170622603,1.15415184574187,"hRSLCs"
"AGAAGTTAACCAGAGC-1","SeuratProject",120272,11357,1.29123985632566,0.00415724358121591,78599,10824,"0","1","1","2","2","3","3","3","3","2","2","2","2","3",-3.28932384095923,3.87748889999449,"RPE/RPE_progenitors"
"AGACCGGACTGTCCAT-1","SeuratProject",48007,9259,1.24773470535547,0.00833211823275772,76834,9631,"0","0","2","3","3","2","1","1","1","6","6","6","6","1",2.82433813370927,-1.57392568511903,"RGC/RPC"
"AGACGCGTGATGCATC-1","SeuratProject",14839,6001,1.01084978772154,0.0134779971696206,75178,10584,"0","0","0","0","0","0","0","0","0","0","0","0","0","6",0.013975317852335,3.43522851543486,"RPC/PC"
"AGACGCTTGGCCTCAC-1","SeuratProject",32992,8342,0.854752667313288,0.00909311348205626,76084,9839,"0","0","0","0","4","4","4","5","5","5","5","5","5","4",0.999575550930338,3.39197175579131,"hRSLCs"
"AGACTCATGACCTGGC-1","SeuratProject",148136,11013,0.249770481179457,0.037128044499649,78460,9973,"0","0","0","0","0","0","0","0","0","0","0","0","0","6",0.580370839016275,-4.73556632919252,"RPC/PC"
"AGACTCCTGTATGGCG-1","SeuratProject",29756,8271,1.15606936416185,0,76113,10063,"0","0","0","1","1","1","2","2","2","1","1","1","1","2",0.0505034283564854,-1.86410779876649,"RPC/PC_precursors/MC"
"AGACTCGACTCCTAAT-1","SeuratProject",91249,10963,1.20549266293329,0.0131508290501814,78501,10956,"0","0","0","0","0","2","1","1","1","3","3","3","3","1",1.79845922745927,0.996102143097521,"RGC/RPC"
"AGACTCTATTAGCGCT-1","SeuratProject",125086,11128,0.797051628479606,0.00719504980573366,78653,10575,"0","0","0","0","4","4","4","5","5","5","5","5","5","4",1.18464725770219,3.37564544754088,"hRSLCs"
"AGATTGCGCCTCGCTC-1","SeuratProject",76736,9460,0.332308173477898,0.0143348623853211,76963,9457,"0","1","1","2","2","3","3","3","3","2","2","2","2","3",-3.26038140497939,5.44307761268675,"RPE/RPE_progenitors"
"AGCAATAACAATTCCA-1","SeuratProject",88568,10843,0.821967301960076,0.0135489115707705,78585,10834,"0","0","0","0","0","0","0","5","5","5","5","5","3","6",1.89661997117265,1.67120311038554,"RPC/PC"
"AGCACGGAGGCAGTCA-1","SeuratProject",3545,2395,1.26939351198872,0.0846262341325811,73176,11189,"0","0","0","0","0","0","0","0","0","0","0","0","0","6",-2.66920970819728,4.61595301704466,"RPC/PC"
"AGCATGCACCGCGTCA-1","SeuratProject",8909,4559,0.392861151644405,0.0112246043326973,74548,10774,"0","0","0","0","0","0","0","0","0","0","0","0","0","6",0.820644791500406,-3.58415336532533,"RPC/PC"
"AGCCGGCCTATTCCAG-1","SeuratProject",28388,8023,1.24700577708891,0.0211356911371002,76233,10084,"0","0","0","1","1","2","1","1","1","1","1","1","1","1",1.77835386552079,-1.98479790611207,"RGC/RPC"
"AGCCTCGCATGGTCCT-1","SeuratProject",192301,12043,1.01247523413815,0.00468016286966786,78618,10780,"0","0","0","1","1","2","1","1","2","1","1","1","1","1",1.21575897492631,-1.42191739005983,"RGC/RPC"
"AGCCTCTATGCAGCAA-1","SeuratProject",70098,10128,0.72469970612571,0.00427972267397073,76580,10123,"0","0","0","0","4","4","4","5","5","5","5","5","5","4",1.43085306443437,3.1907498128897,"hRSLCs"
"AGCGACCGTTCTATAC-1","SeuratProject",193429,11784,0.992612276339122,0.0129246390148323,78701,10473,"0","0","0","0","4","4","4","5","5","5","5","5","5","4",-0.146791760547323,3.02056281642974,"hRSLCs"
"AGCGGAATGTCGCTGT-1","SeuratProject",74258,9762,0.612728594898866,0.0148132187777748,76411,9752,"0","1","1","2","2","3","3","3","3","2","2","2","2","3",-3.38063219629066,5.33552532272399,"RPE/RPE_progenitors"
"AGCGGTTAATCGAAGT-1","SeuratProject",182795,12006,0.71227331163325,0.0114882792198911,78781,10930,"0","0","0","0","0","2","1","1","1","3","3","3","3","1",1.96187704362138,0.452764201927782,"RGC/RPC"
"AGCGTGTATGTACGGT-1","SeuratProject",248299,12319,1.35683188413969,0.00604110366936637,78985,10534,"0","0","0","1","4","4","4","8","8","9","9","9","9","4",-2.20813674174087,2.56335555391371,"hRSLCs"
"AGCTACCAGCGTTACT-1","SeuratProject",31548,8408,1.40737923164701,0.0126790921770001,76322,9988,"0","0","0","1","1","1","2","2","2","1","1","1","1","2",-1.28389746390121,-2.49296064300477,"RPC/PC_precursors/MC"
"AGCTGACGTAACGCTG-1","SeuratProject",211244,12000,0.687356800666528,0.013254814337922,78500,10494,"0","0","2","3","3","2","1","1","1","6","6","6","6","1",3.2339064434932,-2.8857962600702,"RGC/RPC"
"AGGACCAGTGCGCCAG-1","SeuratProject",6060,3641,1.28712871287129,0,74433,10967,"0","0","0","0","0","0","0","0","0","0","0","0","0","6",-0.697341744525595,-1.82785601539552,"RPC/PC"
"AGGACCGTAGATGCTA-1","SeuratProject",61897,9103,0.381278575698338,0.0274649821477616,76848,9128,"0","1","1","2","2","3","3","3","3","2","2","2","2","3",-3.09481561623351,5.46740393714965,"RPE/RPE_progenitors"
"AGGACCTGTACCATTC-1","SeuratProject",149245,11065,0.211732386344601,0.0174210191296191,78381,9956,"0","0","0","0","0","0","0","0","0","0","0","0","0","6",0.398217137234049,-5.41072816772401,"RPC/PC"
"AGGACGTCGGCACGAA-1","SeuratProject",211865,11963,1.75064309819933,0.00707998017605551,79893,10300,"0","1","1","2","2","3","3","3","3","2","2","2","2","3",-3.94433504782454,3.70057551937163,"RPE/RPE_progenitors"
"AGGAGCAGCGTTAATA-1","SeuratProject",103560,11014,0.487640015449981,0.022209347238316,78486,10937,"0","0","0","0","0","0","0","5","5","5","5","5","5","6",2.03272312440141,2.72592316942275,"RPC/PC"
"AGGATTCTACGCCTAG-1","SeuratProject",17281,6483,1.21520745327238,0.0057867021584399,75567,10453,"0","0","0","0","0","0","0","0","0","0","0","0","0","6",-2.42252591691749,2.1697645075804,"RPC/PC"
"AGGCCGCAGAATAACG-1","SeuratProject",160075,11813,0.735280337341871,0.0106200218647509,78671,10884,"0","0","0","0","0","2","1","1","1","3","3","3","3","1",2.73067062653764,-0.356955002974867,"RGC/RPC"
"AGGCGATTCCACTTCT-1","SeuratProject",203639,12051,0.539680513064786,0.00982130142065125,78823,10707,"0","0","0","0","0","2","1","1","1","3","3","3","3","1",2.14735334672196,1.80036782475174,"RGC/RPC"
"AGTACATATGTAGGAA-1","SeuratProject",127740,11084,1.0036010646626,0.00782840144042586,78636,10270,"0","1","1","2","2","3","3","3","3","2","2","2","2","3",-4.24996978483932,4.64369087295592,"RPE/RPE_progenitors"
"AGTATTCGTCGGTATC-1","SeuratProject",72851,10300,1.29305019835006,0.0178446418031324,76472,10298,"0","0","0","1","1","1","5","4","4","4","4","4","4","5",-1.67080837927596,-3.0233489982599,"RPC/PC/AC_HC/BC/MC"
"AGTGAGTATTCTAAGT-1","SeuratProject",6683,3801,1.34670058357025,0,74575,10925,"0","0","0","1","1","1","2","2","2","1","1","1","1","2",-1.68554288588302,-0.496461581420301,"RPC/PC_precursors/MC"
"AGTGTCGTGGCATGTT-1","SeuratProject",2476,1813,1.41357027463651,0,73581,11177,"0","0","0","0","0","0","0","0","0","0","0","0","0","6",2.13293522156938,-2.98067588729799,"RPC/PC"
"AGTTAGAAGGACGAAT-1","SeuratProject",22964,7604,1.3281658247692,0.00435464204842362,75595,10265,"0","0","0","0","0","0","0","0","0","0","3","3","3","6",1.75758236207231,0.739890623856188,"RPC/PC"
"ATAAGACCAATCGCGG-1","SeuratProject",113231,11192,1.02798703535251,0.00176630074802837,78368,10898,"0","0","2","3","3","2","1","1","1","6","6","6","6","1",2.60990064896806,-1.17444748802125,"RGC/RPC"
"ATAAGTACCACGAGTT-1","SeuratProject",4796,3120,1.29274395329441,0.0417014178482068,73852,11031,"0","0","0","0","0","0","0","0","0","0","0","0","0","6",-2.48356354676024,2.66113238411009,"RPC/PC"
"ATACAATTGCGGTATT-1","SeuratProject",17746,6562,1.39749802772456,0,75839,10433,"0","0","0","3","3","2","1","1","1","6","6","6","6","1",2.50279157914384,-1.6382958404535,"RGC/RPC"
"ATACATCAAGGATTGC-1","SeuratProject",40947,9049,1.02327398832637,0.00732654406916258,76709,9800,"0","0","0","1","1","2","1","1","2","1","1","1","1","1",1.40918510712846,-1.88650674743593,"RGC/RPC"
"ATACTAGCCATTAGTT-1","SeuratProject",121503,11223,0.604100310280405,0.0131683991341778,78413,10752,"0","0","2","3","3","2","1","1","1","6","6","6","6","1",3.22189968384965,-2.82709712905824,"RGC/RPC"
"ATACTGGACCACAGCC-1","SeuratProject",214951,12184,0.869965713116013,0.0111653353554996,78841,10859,"0","0","0","0","0","2","1","1","1","3","3","3","3","1",0.784751828090982,1.08237366752684,"RGC/RPC"
"ATAGAACCTCTACCGA-1","SeuratProject",57079,9710,1.0599344767778,0.00350391562571173,76787,9732,"0","0","0","0","4","4","4","5","5","5","5","5","5","4",1.61379640855058,2.8561823852545,"hRSLCs"
"ATAGAACGTTCGATCT-1","SeuratProject",16507,6303,0.593687526503907,0,75792,10460,"0","0","0","1","1","1","0","0","2","1","1","1","1","6",3.19585388459428,-2.81679220123231,"RPC/PC"
"ATAGACATGGCTATGG-1","SeuratProject",114768,11241,0.656106231702217,0.0226543984385892,78420,11001,"0","0","0","1","1","1","2","2","2","1","1","1","1","2",-0.473972384555502,-3.1278035156244,"RPC/PC_precursors/MC"
"ATAGCACCTGCTGTCT-1","SeuratProject",112024,11236,1.7317717631936,0.00535599514389774,78606,10921,"0","1","1","2","2","3","3","3","3","2","2","2","2","3",-3.5108341618611,4.28672533111632,"RPE/RPE_progenitors"
"ATAGTTCATCGGATCT-1","SeuratProject",45166,9386,1.11588362927866,0.0132843289199841,76696,9757,"0","0","0","0","0","0","0","0","0","0","0","0","0","6",0.181539233105021,1.9532616920954,"RPC/PC"
"ATCGCAATGCACTAAC-1","SeuratProject",58311,9999,1.01353089468539,0.00857471146095934,76887,10008,"0","0","0","1","1","1","2","2","2","1","1","1","1","2",-0.75437909804122,-2.15229935569703,"RPC/PC_precursors/MC"
"ATCGTAGCATGTAGAT-1","SeuratProject",198093,11842,0.689575098564815,0.0100962679145654,78509,10366,"0","0","0","0","0","0","0","5","5","5","5","5","5","6",2.8697730854915,2.5466040857321,"RPC/PC"
"ATCGTCCTAGTACGAA-1","SeuratProject",78303,10405,0.996130416459139,0.00510836111004687,78237,10400,"0","0","0","0","4","4","4","5","5","5","5","5","5","4",-0.324766699893637,3.16808848457396,"hRSLCs"
"ATCTGGATCCTCAGAC-1","SeuratProject",35967,8126,0.24188839769789,0.019462284872244,76428,9571,"0","0","0","0","0","0","0","0","0","0","0","0","0","6",1.44012993134721,-4.9699027053827,"RPC/PC"
"ATCTGTACGCGTCTCC-1","SeuratProject",119536,11207,0.861665105072949,0.0100388167581314,78393,10710,"0","0","0","1","4","4","4","8","8","9","9","9","9","4",-2.47938955269591,1.76699844563365,"hRSLCs"
"ATCTTAGTGGCATGGA-1","SeuratProject",72900,10224,0.825788751714678,0.00548696844993141,76442,10221,"0","0","0","0","4","4","4","5","5","5","5","5","5","4",1.38971870698197,2.98565547542632,"hRSLCs"
"ATGATATCTAGTCTTA-1","SeuratProject",78993,10731,1.48494170369526,0.00886154469383363,78664,10723,"0","0","0","1","1","1","2","2","2","1","1","1","1","2",-0.631854121310873,-2.52890081329286,"RPC/PC_precursors/MC"
"ATGCTCCGTTCTACTG-1","SeuratProject",18883,6581,0.444844569189218,0,75668,10355,"0","1","1","2","2","3","3","3","3","2","2","2","2","3",-3.07325861297385,5.30571012573302,"RPE/RPE_progenitors"
"ATGTAAGAGCCACCTC-1","SeuratProject",289987,12609,0.931765906747544,0.0068968608937642,79047,11021,"0","0","0","0","0","2","1","1","1","3","3","3","3","1",2.33234899796708,0.3741781003958,"RGC/RPC"
"ATGTAATTGTCGTTCG-1","SeuratProject",82252,10519,0.577493556387687,0.00972620726547683,78977,10517,"0","0","2","3","3","2","1","1","1","6","6","6","6","1",3.19537895478471,-2.7071082107538,"RGC/RPC"
"ATGTACTCTGCAGCAC-1","SeuratProject",12458,5627,2.77733183496548,0,75199,10652,"0","0","0","0","0","0","0","0","0","0","0","0","0","6",-1.01581412993209,-4.35129280013978,"RPC/PC"
"ATGTAGAAGCGAATAG-1","SeuratProject",255962,12163,0.703229385611927,0.0105484407841789,78566,10270,"0","0","0","0","0","0","0","5","5","5","5","5","5","6",2.84520405091508,2.61577372627318,"RPC/PC"
"ATGTAGGTAACCGTAC-1","SeuratProject",84354,10569,0.391208478554663,0.016596723332622,78817,10565,"0","0","0","1","1","1","5","4","4","4","4","4","4","5",-3.2028325244023,-2.3086797706598,"RPC/PC/AC_HC/BC/MC"
"ATGTCGTTACCAGACG-1","SeuratProject",180078,11949,0.995124335010384,0.00555314919090616,78716,10835,"0","0","0","1","1","1","2","2","2","1","1","1","1","2",-0.323964898212118,-1.48144550247133,"RPC/PC_precursors/MC"
"ATGTGCTAACATCGAA-1","SeuratProject",109155,11221,0.563418991342586,0.00732902752965966,78374,11070,"0","0","0","0","0","2","1","1","1","3","3","3","3","1",0.818492110149698,1.15753601865828,"RGC/RPC"
"ATGTTAAGATTACTGA-1","SeuratProject",58609,9703,0.708082376426829,0.0136497807503967,76916,9721,"0","0","2","3","3","2","1","1","1","6","6","6","6","1",3.35415476121171,-2.69450015945375,"RGC/RPC"
"ATTAAGAACAGCTCCG-1","SeuratProject",61961,9982,1.63328545375317,0.00484175529768725,76813,10006,"0","0","0","1","1","1","2","2","2","1","1","1","1","2",-1.79105323992507,0.0380353219991933,"RPC/PC_precursors/MC"
"ATTACATTGAAGTATG-1","SeuratProject",20982,7018,0.915070060051473,0,75803,10314,"0","0","2","3","3","2","1","1","1","6","6","6","6","1",2.20946996964677,-1.84542126579225,"RGC/RPC"
"ATTAGTCGTGTTATGC-1","SeuratProject",39547,9115,1.10754292360988,0.00252863681189471,76565,9839,"0","0","0","0","0","2","1","1","1","3","3","3","3","1",0.834035570995646,1.16470133142531,"RGC/RPC"
"ATTAGTGCTTGGTCAT-1","SeuratProject",58289,9894,0.775446482183602,0.0102935373741186,76788,9904,"0","0","0","0","0","0","0","0","0","0","0","0","0","6",0.626575644390421,-3.82648105544984,"RPC/PC"
"ATTCACGCTGTTATCG-1","SeuratProject",11824,5490,1.3362652232747,0.0253721244925575,75201,10673,"0","0","0","0","0","0","0","0","0","0","0","0","0","6",-1.55260819636123,-3.32901687545717,"RPC/PC"
"ATTCAGCTCCTACTAA-1","SeuratProject",4747,2838,1.32715399199494,0,73581,11070,"0","0","0","0","0","0","0","0","0","0","0","0","0","6",-2.92995777606802,4.58834462242186,"RPC/PC"
"ATTCGGAAGCTATTAC-1","SeuratProject",124573,10453,0.496897401523605,0.0192658120138393,78605,9537,"0","1","1","2","2","3","3","3","3","2","2","2","2","3",-3.49775183640258,5.47542338447631,"RPE/RPE_progenitors"
"ATTCTAGTCCACAAGA-1","SeuratProject",30071,8299,1.30690698679791,0.0232782414951282,76122,10025,"0","0","0","1","1","1","2","2","2","1","1","1","1","2",-1.16175431452529,-0.580191086959242,"RPC/PC_precursors/MC"
"ATTGACGCCAGCCAAG-1","SeuratProject",165026,11766,1.29676535818598,0.00727158144777187,78453,10759,"0","0","0","1","1","1","2","2","2","1","1","1","1","2",0.700863774196939,-1.41667814178407,"RPC/PC_precursors/MC"
"ATTGCATCACTGACTG-1","SeuratProject",97267,10892,0.535639014259718,0.0154214687406829,78403,10863,"0","0","2","3","3","2","1","1","1","6","6","6","6","1",3.29779642380937,-2.84486312789857,"RGC/RPC"
"ATTGTTACGACTAGCG-1","SeuratProject",50957,9784,1.52481504013188,0,76802,9959,"0","0","0","1","1","1","2","2","2","1","1","1","1","2",-0.469174210651083,-1.99711580200136,"RPC/PC_precursors/MC"
"CAACGCTTGCTCCTAC-1","SeuratProject",164053,11904,1.37638446111927,0.00670515016488574,79035,10777,"0","1","1","2","2","3","3","3","3","2","2","2","2","3",-3.48727554522292,3.3532778509146,"RPE/RPE_progenitors"
"CAAGTGTTGACGGCCA-1","SeuratProject",118401,10854,0.482259440376348,0.0126688119188183,78252,10393,"0","0","0","1","1","1","5","4","4","4","4","4","4","5",-3.56182843886153,-0.526851367186903,"RPC/PC/AC_HC/BC/MC"
"CAATAATCGTAGGATA-1","SeuratProject",354,339,0.564971751412429,0,71945,11440,"0","0","0","0","0","0","0","0","0","0","0","0","0","6",-1.83129686556594,3.45061593132079,"RPC/PC"
"CACCGAGTCTTGGACA-1","SeuratProject",164054,11434,0.423031440867032,0.0109719970253697,78260,10319,"0","0","0","1","1","1","5","4","4","4","4","4","4","5",-3.59465021334426,-0.515608977507948,"RPC/PC/AC_HC/BC/MC"
"CACGACCTCCGTCATA-1","SeuratProject",259591,12416,0.829766825506277,0.00500787777696453,78756,10626,"0","0","2","3","3","2","1","1","1","6","6","6","6","1",2.81911533631547,-1.47287268562257,"RGC/RPC"
"CACGATCATACAATTA-1","SeuratProject",2059,1605,2.37979601748422,0,73588,11211,"0","0","0","0","0","0","0","0","0","0","0","0","0","6",-1.26087457381026,-4.85489005966127,"RPC/PC"
"CACGCTTATCAATCTT-1","SeuratProject",20449,6986,0.801995207589613,0.0195608587216979,75901,10318,"0","0","0","0","0","0","0","0","0","0","0","0","0","6",2.87890070237382,-1.66794366760194,"RPC/PC"
"CACGTCCACGACCTAT-1","SeuratProject",51505,9648,0.842636637219687,0.00194155907193476,76854,9821,"0","0","0","1","1","1","2","2","2","1","1","1","1","2",-1.1822072907521,-0.0473787300103892,"RPC/PC_precursors/MC"
"CACGTGGCGGCACTAG-1","SeuratProject",35786,8840,1.29939082322696,0.011177555468619,76443,9930,"0","0","0","1","1","1","2","2","2","1","1","1","1","2",-1.24697500906722,-1.98254485053956,"RPC/PC_precursors/MC"
"CACTACTGCGGAATTG-1","SeuratProject",10252,4928,1.67772142021069,0.0292625829106516,75104,10730,"0","0","0","0","0","0","0","0","0","0","0","0","0","6",-0.529784266574545,-4.24389667434633,"RPC/PC"
"CACTCAATAAGCCGAA-1","SeuratProject",89622,10575,0.574635692129165,0.0122737720648948,78521,10572,"0","0","2","3","3","2","1","1","1","6","6","6","6","1",3.22670381821855,-2.67239494247377,"RGC/RPC"
"CAGAACATGATAGGAC-1","SeuratProject",62006,10065,1.20956036512596,0.00967648292100764,76845,10062,"0","0","0","0","0","2","1","1","1","3","3","3","3","1",2.62528913773759,1.11326901989043,"RGC/RPC"
"CAGAGGCACTTAAGTC-1","SeuratProject",207709,11647,0.337009951422423,0.0187762687221064,78578,10185,"0","0","0","0","0","0","0","0","0","0","0","0","0","6",0.251659329311686,-4.94857854766786,"RPC/PC"
"CAGATACAGCACTCGT-1","SeuratProject",133921,10911,0.512989000978189,0.0261348108213051,78401,10089,"0","0","0","1","4","4","4","8","8","9","9","9","9","4",-2.81639505617158,1.0793930776602,"hRSLCs"
"CAGATTATCATAACGC-1","SeuratProject",136491,10597,0.435193529243686,0.0124550336652233,78880,9474,"0","1","1","2","2","3","3","3","3","2","2","2","2","3",-3.34465274654166,5.31801586227477,"RPE/RPE_progenitors"
"CAGCGATAATGCGATT-1","SeuratProject",128514,11532,0.99911293711191,0.0116718801064475,78622,11043,"0","0","0","0","0","0","0","0","0","3","3","3","3","6",0.201970513241129,1.6153254099375,"RPC/PC"
"CAGCTGTTGCCGGAGT-1","SeuratProject",18757,6788,0.916990990030389,0.00533134296529296,75727,10407,"0","0","0","1","1","1","2","2","2","1","1","1","1","2",-0.709472720248861,-1.5738279335016,"RPC/PC_precursors/MC"
"CAGTAATATCACTACG-1","SeuratProject",40924,9258,1.22177695239957,0.00733066171439742,76553,9905,"0","0","0","0","0","2","1","1","1","3","3","3","3","1",2.03885811127885,-0.515120696257948,"RGC/RPC"
"CAGTTGCGACTTCTCG-1","SeuratProject",109450,11152,1.11100959342165,0.00274097761534947,78344,10953,"0","0","0","1","1","2","1","1","1","1","1","1","1","1",1.45182531632646,-1.29226155204713,"RGC/RPC"
"CATATCCGTTCACCTC-1","SeuratProject",69999,10198,0.650009285846941,0.0142859183702624,76666,10195,"0","0","0","0","0","0","0","0","0","0","0","0","0","6",1.85483568467362,1.9895802028662,"RPC/PC"
"CATCGGCATGTCGAAG-1","SeuratProject",393108,12795,0.698281388320767,0.0119560019129603,79176,10946,"0","0","0","1","1","1","2","2","2","1","1","1","1","2",-0.999453489406271,-1.25358362121522,"RPC/PC_precursors/MC"
"CATGCGCTACTGGAGG-1","SeuratProject",1312,1125,1.52439024390244,0,72629,11301,"0","0","0","0","0","0","0","0","0","0","0","0","0","6",-1.02370626173751,-4.76579494399965,"RPC/PC"
"CATTAACTATTGTTCC-1","SeuratProject",150575,11837,1.82234766727544,0.00730532956998174,79244,10834,"0","1","1","2","2","3","3","3","3","2","2","2","2","3",-3.81364578448073,3.52352194862425,"RPE/RPE_progenitors"
"CATTGTCGGTCGCTAG-1","SeuratProject",126272,11296,0.799860618347694,0.0190065889508363,78500,10815,"0","0","0","0","0","2","1","1","1","3","3","3","3","1",1.27493971146806,1.58180424945414,"RGC/RPC"
"CCAATACCAACACGCC-1","SeuratProject",274725,12375,1.59250159250159,0.0050960050960051,79678,9973,"0","1","1","2","2","3","3","3","3","2","2","2","2","3",-3.57083905182616,4.05002455787718,"RPE/RPE_progenitors"
"CCATAGTATTGTCTGC-1","SeuratProject",85322,10665,0.550854410351375,0.0210965518857973,78723,10664,"0","0","0","1","1","1","5","4","4","4","4","4","4","5",-2.31425291739242,-2.63346452636659,"RPC/PC/AC_HC/BC/MC"
"CCATAGTTCGAGTAAG-1","SeuratProject",95387,11018,1.15843878096596,0.004193443551008,78391,10999,"0","0","0","1","1","1","2","2","2","1","1","1","1","2",-0.421086852176352,-1.60406441612184,"RPC/PC_precursors/MC"
"CCATTATCGTTACCTT-1","SeuratProject",196749,11877,1.07039934129271,0.00864045052325552,79286,10224,"0","1","1","2","2","3","3","3","3","2","2","2","2","3",-4.22066706858413,4.45263724403441,"RPE/RPE_progenitors"
"CCGATTCCATAAGAGT-1","SeuratProject",61309,10100,0.621442202612993,0.00652432758648812,76817,10099,"0","0","0","0","0","0","0","0","0","0","0","0","0","6",0.963360484020548,2.90047221260131,"RPC/PC"
"CCGCAGTGATCACTGT-1","SeuratProject",303199,12257,0.893802420192679,0.00857522617159028,79015,10372,"0","0","0","0","4","4","4","5","5","5","5","5","5","4",-0.503401343448324,2.82404558734954,"hRSLCs"
"CCGCATAGTACAGGTT-1","SeuratProject",82786,10741,1.04727852535453,0.00483173483439229,78931,10737,"0","0","0","0","0","2","1","1","1","3","3","3","3","1",2.04150360383256,-0.497803639602064,"RGC/RPC"
"CCGCTCTGCTGAATTC-1","SeuratProject",11676,5324,1.3018156903049,0,74886,10694,"0","0","0","0","0","0","0","0","0","0","0","0","0","6",-1.81808358870284,1.51894654707968,"RPC/PC"
"CCGCTGTCACCTGCAA-1","SeuratProject",19218,6793,2.19585804974503,0,75959,10420,"0","0","2","3","3","2","1","1","1","6","6","6","6","1",2.36468427933915,-2.62097425384462,"RGC/RPC"
"CCGGAGAAGCTAACCA-1","SeuratProject",6550,3860,3.95419847328244,0.0152671755725191,74530,10940,"0","0","0","0","0","0","0","0","0","0","0","0","0","6",-0.967003409488363,-4.49195213241517,"RPC/PC"
"CCGGAGACAAGAATAA-1","SeuratProject",180403,12032,0.956192524514559,0.00388020154875473,78638,10891,"0","0","0","1","1","1","2","2","2","1","1","1","1","2",0.646438296215372,-1.32804341239869,"RPC/PC_precursors/MC"
"CCGGCGTCCTCATTGT-1","SeuratProject",72054,9899,0.459377688955506,0.015266328031754,76540,9897,"0","0","0","1","1","1","5","4","4","4","4","4","4","5",-3.43348694287078,-0.225520323943495,"RPC/PC/AC_HC/BC/MC"
"CCTAACTTATGTTGGA-1","SeuratProject",4969,3136,1.22761118937412,0.0603743207888911,74260,11020,"0","0","0","0","0","0","0","0","0","0","0","0","0","6",-1.56752330504195,-3.56299657745302,"RPC/PC"
"CCTAATAGCGGACAGA-1","SeuratProject",77489,10638,1.33309243892682,0.00258101149840623,77492,10634,"0","0","0","0","0","2","1","1","1","3","3","3","3","1",1.46263569154008,0.573795009422899,"RGC/RPC"
"CCTACACCGACATTAC-1","SeuratProject",60667,9866,0.63626024032835,0.0181317685067664,76845,9865,"0","0","0","0","0","0","0","0","0","0","0","0","0","6",1.78067796982987,-4.04632491989076,"RPC/PC"
"CCTACGGTAAGACTCG-1","SeuratProject",115863,11037,0.575679897810345,0.0138094128410278,78484,10696,"0","0","0","0","4","4","4","5","5","5","5","5","5","4",1.70059746064408,2.47167335825026,"hRSLCs"
"CCTCTACCGTGATTGG-1","SeuratProject",99532,10781,2.00940401077041,0.0140658280753928,78609,10633,"0","1","1","2","2","3","3","3","3","2","2","2","2","3",-3.90121043167846,3.87890081481993,"RPE/RPE_progenitors"
"CCTCTAGCTGGTCCGC-1","SeuratProject",225681,12251,1.01958073564013,0.00886206636801503,78834,10766,"0","0","0","0","0","0","0","1","1","3","3","3","3","6",3.4840981320308,2.6255613453871,"RPC/PC"
"CCTGAAGCGTATAGCA-1","SeuratProject",20266,6914,0.251653014901806,0.0246718642060594,75703,10253,"0","0","0","0","0","0","0","0","0","0","0","0","0","6",1.11379783906205,-3.21822471542299,"RPC/PC"
"CCTGGATCTAGAGCCA-1","SeuratProject",180449,11709,0.50374343997473,0.00498755881163099,78711,10452,"0","0","0","0","4","4","4","5","5","5","5","5","5","4",0.060934956447916,3.07779769973815,"hRSLCs"
"CCTTAGATCTGTAATA-1","SeuratProject",89153,10627,1.16092559981156,0.0112166724619474,78588,10620,"0","1","1","2","2","3","3","3","3","2","2","2","2","3",-4.20225865088241,4.60534792022765,"RPE/RPE_progenitors"
"CCTTCCAACCTTCAGA-1","SeuratProject",163738,11042,0.264446860227925,0.0201541487009735,78393,9704,"0","0","0","0","0","0","0","0","0","0","0","0","0","6",0.605052407162027,-5.27972764892518,"RPC/PC"
"CGACAAGCACTCAGCC-1","SeuratProject",46438,9434,0.775227184633275,0.0215340884620354,76743,9765,"0","0","0","0","0","0","0","0","0","0","0","0","0","6",2.09778803147538,-0.304605673980116,"RPC/PC"
"CGACAATCATACGCAC-1","SeuratProject",47160,9114,0.778201865988126,0.00636132315521628,77037,9475,"0","0","0","1","1","1","5","4","4","4","4","4","4","5",-3.10370077632205,-0.550864171218275,"RPC/PC/AC_HC/BC/MC"
"CGACGCAACATGGCGA-1","SeuratProject",25744,7641,1.14201367308888,0,76068,10138,"0","0","2","3","3","2","1","1","1","6","6","6","6","1",2.77136057175858,-1.4489225856775,"RGC/RPC"
"CGACTTCGCAAGCGGT-1","SeuratProject",299437,12454,1.17654130919025,0.00567732110594215,78815,10707,"0","0","0","0","4","4","4","5","5","5","5","5","5","4",-0.88316852293746,2.68880103902876,"hRSLCs"
"CGAGATGCCGCATCTT-1","SeuratProject",231,218,0.865800865800866,0,71996,11452,"0","0","0","0","0","0","0","0","0","0","0","0","0","6",-1.46137208185927,3.19084994869292,"RPC/PC"
"CGAGCGAGCCACGCTA-1","SeuratProject",156629,11294,1.14282795650869,0.00829986784056592,79160,10028,"0","1","1","2","2","3","3","3","3","2","2","2","2","3",-3.72943819008605,4.6361432559973,"RPE/RPE_progenitors"
"CGAGCTATGTCCTCGC-1","SeuratProject",97784,10721,0.54405628732717,0.0173852573018081,78441,10696,"0","0","0","1","1","1","5","4","4","4","4","4","4","5",-2.51909330926673,-1.48455066604555,"RPC/PC/AC_HC/BC/MC"
"CGAGGAAGACTTAGAT-1","SeuratProject",22455,7379,2.02627477176575,0.00890670229347584,75823,10295,"0","0","0","1","1","1","2","2","2","1","1","1","1","2",-0.859460656268759,-3.04945011062562,"RPC/PC_precursors/MC"
"CGAGTCATCCGCACCA-1","SeuratProject",44014,9269,0.717953378470487,0.0227200436224838,76643,9704,"0","0","0","0","0","0","0","0","0","0","0","0","0","6",0.891198332683878,-3.72068757934511,"RPC/PC"
"CGATGATCAGCTATAA-1","SeuratProject",129113,11202,0.342335783383548,0.0108432148583024,78517,10601,"0","0","0","1","1","1","5","4","4","4","4","4","4","5",-2.53429356656806,-2.43197126312196,"RPC/PC/AC_HC/BC/MC"
"CGCACGGCTGTCAGGT-1","SeuratProject",90700,10484,1.16979051819184,0.00771775082690187,78684,10459,"0","1","1","2","2","3","3","3","3","2","2","2","2","3",-3.39595896445052,4.05209784584105,"RPE/RPE_progenitors"
"CGCACTGTGAGCCTGT-1","SeuratProject",8810,4653,1.29398410896708,0.0113507377979569,74809,10819,"0","0","0","0","0","0","0","0","0","0","0","0","0","6",-1.43835372172133,-3.39363546295106,"RPC/PC"
"CGCAGATAGATGTTCT-1","SeuratProject",18463,6779,1.53279532037047,0.0270811894058387,75473,10396,"0","0","0","0","0","0","0","0","0","0","0","0","0","6",0.128528054134684,-3.93967695159852,"RPC/PC"
"CGCATCTTGACTTAGT-1","SeuratProject",91061,10795,0.774206301270577,0.0175706394614599,78484,10792,"0","0","0","1","1","1","5","4","4","4","4","4","4","5",-2.06155467472808,-2.78669567031801,"RPC/PC/AC_HC/BC/MC"
"CGCCATGAGGCGATGA-1","SeuratProject",83616,10453,0.34443168771527,0.0131553769613471,78813,10451,"0","0","0","0","0","0","0","0","0","0","0","0","0","6",2.10691040314897,-4.54093666000306,"RPC/PC"
"CGCCTCGATAATGCGG-1","SeuratProject",47620,9338,1.15287694246115,0.0167996640067199,76636,9690,"0","0","0","1","4","4","4","8","8","9","9","9","9","4",-2.1991972967221,2.01460723953307,"hRSLCs"
"CGCCTCGGAACTGTGC-1","SeuratProject",239622,12153,0.448205924330821,0.00751183113403611,79297,10185,"0","1","1","2","2","3","3","3","3","2","2","2","2","3",-2.32084984026687,3.61660354213774,"RPE/RPE_progenitors"
"CGCCTCTAATTCGCGG-1","SeuratProject",236309,11855,0.391859810671621,0.0135415917294729,78454,10117,"0","0","0","1","1","1","5","4","4","4","4","4","4","5",0.0153962925837803,-5.1314770690912,"RPC/PC/AC_HC/BC/MC"
"CGCCTTGTGAAGTCTA-1","SeuratProject",6801,3861,1.8379650051463,0,74727,10935,"0","0","0","1","1","1","0","0","2","1","1","1","1","6",-1.83896989069716,-0.75240344924867,"RPC/PC"
"CGCTAGACTTCATCAC-1","SeuratProject",42400,8868,0.742924528301887,0.0165094339622642,76964,9546,"0","0","0","1","1","1","5","4","4","4","4","4","4","5",-3.16353622518317,-0.990416478347181,"RPC/PC/AC_HC/BC/MC"
"CGCTATAGTCTTCATC-1","SeuratProject",1554,1272,1.93050193050193,0.0643500643500644,72968,11264,"0","0","0","0","0","0","0","0","0","0","0","0","0","6",-1.00382382117049,-4.84525461120546,"RPC/PC"
"CGCTATTATGATACGT-1","SeuratProject",135699,11359,0.434785812717853,0.0117908017008231,78499,10697,"0","0","0","1","1","1","5","4","4","4","4","4","4","5",-2.80814959548251,-2.40638990325868,"RPC/PC/AC_HC/BC/MC"
"CGCTCGCAATTGGCGA-1","SeuratProject",22922,7197,0.414449000959777,0.0130878631882035,75822,10145,"0","0","0","0","0","0","0","0","0","0","0","0","0","6",0.602185900585489,-4.39892692489564,"RPC/PC"
"CGCTCGGTACTGCGAA-1","SeuratProject",34736,8401,2.54203132197144,0.00863657300783049,76829,9888,"0","0","0","1","1","1","2","2","2","1","1","1","1","2",-1.93033713541762,-0.576702546309828,"RPC/PC_precursors/MC"
"CGCTTGGCTTGGATCT-1","SeuratProject",304272,12559,1.07206709785981,0.00427249303254982,79499,10453,"0","1","1","2","2","3","3","3","3","2","2","2","2","3",-2.58159122310416,3.12699740009368,"RPE/RPE_progenitors"
"CGGAGTGGCGACTAAG-1","SeuratProject",110959,11188,0.828233852143585,0.0045061689452861,78366,10955,"0","0","2","3","3","2","1","1","1","6","6","6","6","1",1.98699682511552,-1.60579008979738,"RGC/RPC"
"CGGCACTCCGGTTCGC-1","SeuratProject",74997,9850,0.561355787564836,0.0093337066816006,76473,9850,"0","1","1","2","2","3","3","3","3","2","2","2","2","3",-3.49411982737319,5.43851547317565,"RPE/RPE_progenitors"
"CGGCACTCTAGCGGAA-1","SeuratProject",102552,10737,0.885404477728372,0.0126764958265075,78456,10588,"0","1","1","2","2","3","3","3","3","2","2","2","2","3",-4.29271477900283,4.83488206939757,"RPE/RPE_progenitors"
"CGGCTGTACATGATGT-1","SeuratProject",13580,6029,1.21502209131075,0.00736377025036819,74741,10614,"0","0","0","0","0","0","0","0","0","0","0","0","0","6",1.68908422745927,2.0986833758837,"RPC/PC"
"CGGTAGATTCCTATGC-1","SeuratProject",162546,11313,0.435569008157691,0.0184563139049869,78514,10108,"0","0","0","1","1","1","5","4","4","4","4","4","4","5",0.00645154275162696,-5.05208558959901,"RPC/PC/AC_HC/BC/MC"
"CGGTCCATGCGACTCC-1","SeuratProject",84478,10700,0.667629441984895,0.00591870072681645,78774,10692,"0","0","0","0","0","0","0","5","5","5","5","5","3","6",1.77830713547929,2.08636920528472,"RPC/PC"
"CGTACAGTAAGTAATG-1","SeuratProject",74599,10500,1.25336800761404,0.00402150162870816,76353,10493,"0","0","0","0","0","2","1","1","1","3","3","3","3","1",2.73059290208085,0.431935716438891,"RGC/RPC"
"CGTACATCACTGGATG-1","SeuratProject",224056,11614,0.239225907808762,0.01696004570286,78485,9797,"0","0","0","0","0","0","0","0","0","0","0","0","0","6",0.734958584682779,-5.20944757385194,"RPC/PC"
"CGTCAAGGCGGAATGT-1","SeuratProject",25887,7722,0.98118746861359,0.00386294278981728,76166,10136,"0","0","0","0","0","0","0","0","0","0","0","0","0","6",-2.00134253941314,1.34424813466132,"RPC/PC"
"CGTGCGGATTCATGTA-1","SeuratProject",233615,11924,0.367270937225777,0.0179782976264367,78600,10301,"0","0","0","1","1","1","5","4","4","4","4","4","4","5",-2.99346711926,-2.11008639259279,"RPC/PC/AC_HC/BC/MC"
"CGTGGCTCCTTGTCTT-1","SeuratProject",169405,11385,0.472831380419704,0.0224314512558661,78454,10157,"0","0","0","0","0","0","0","0","0","0","0","0","0","6",0.20312445916398,-4.94047517700136,"RPC/PC"
"CGTTCTCGAGGTTCGC-1","SeuratProject",84606,10866,1.19495071271541,0.0059097463536865,78788,10862,"0","0","0","1","1","1","2","2","2","1","1","1","1","2",-0.995182458980246,-1.85949177665651,"RPC/PC_precursors/MC"
"CGTTGGTCGTCACTGT-1","SeuratProject",45846,9286,0.863761287789556,0.0109060768660298,76677,9651,"0","0","0","0","0","0","0","0","0","0","0","0","0","6",0.420783455746012,-3.76918620986879,"RPC/PC"
"CTAATTATGTTGCCGC-1","SeuratProject",216182,12214,1.16984762838719,0.00693859803313874,78710,10810,"0","0","0","0","0","2","1","1","1","3","3","3","3","1",2.93856399811967,1.16303806381285,"RGC/RPC"
"CTACAGCGTCTACACT-1","SeuratProject",26382,7965,1.15609127435373,0.0151618527784095,76029,10215,"0","0","0","1","1","1","2","2","2","1","1","1","1","2",0.226342614071207,-1.66729636115968,"RPC/PC_precursors/MC"
"CTACAGGTAGAATTCC-1","SeuratProject",32914,8393,1.12414170261895,0.0182293249073343,76295,9873,"0","0","0","3","3","2","1","1","1","6","6","6","6","1",2.84657018937333,-1.22097487373292,"RGC/RPC"
"CTACCAGACCTCTTAG-1","SeuratProject",70395,10199,0.454577739896299,0.0127849989345834,76599,10193,"0","0","0","0","0","0","0","0","0","0","0","0","0","6",0.781190092937784,-3.9771949760431,"RPC/PC"
"CTACGAATCAGCCTGG-1","SeuratProject",13686,5839,0.913342101417507,0.0146134736226801,74617,10713,"0","0","0","0","0","0","0","0","0","0","0","0","0","6",-1.77409381113784,3.93949441986144,"RPC/PC"
"CTAGCACGCCAAGCTT-1","SeuratProject",48298,9508,1.1139177605698,0.0165638328709263,76822,9735,"0","0","0","0","0","0","0","0","0","0","0","0","3","6",1.90059345521195,-0.221775125693678,"RPC/PC"
"CTAGTTCTACATGACG-1","SeuratProject",120855,11276,0.671879525050681,0.00827437838732365,78377,10773,"0","0","2","3","3","2","1","1","1","6","6","6","6","1",2.9777995900081,-1.72217149658143,"RGC/RPC"
"CTATAGATCCACAAGC-1","SeuratProject",211075,12192,0.975956413597063,0.00710647873978444,78613,10887,"0","0","0","0","0","2","1","1","1","3","3","3","3","1",2.48017519273026,-0.184116791915296,"RGC/RPC"
"CTATGCCGTACAGCGT-1","SeuratProject",1234,1026,3.72771474878444,0,73280,11309,"0","0","0","0","0","0","0","0","0","0","0","0","0","6",-0.986771170718832,-4.8358957283014,"RPC/PC"
"CTATTAGCGGCTTCGT-1","SeuratProject",183210,11733,0.459036078816658,0.0109164346924295,78360,10431,"0","0","0","1","1","1","5","4","4","4","4","4","4","5",-3.18173441730277,-1.49288291854799,"RPC/PC/AC_HC/BC/MC"
"CTATTCTGCAACGCAC-1","SeuratProject",145988,11209,0.656218319313916,0.0232895854453791,78413,10239,"0","0","0","1","4","4","4","8","8","9","9","9","9","4",-2.81839071653621,0.777606714535357,"hRSLCs"
"CTCAATACGTTAACCG-1","SeuratProject",32201,8440,1.0838172727555,0.00621098723642123,76402,9974,"0","0","0","1","1","1","2","2","2","1","1","1","1","2",-1.19321102343337,-0.335495185088514,"RPC/PC_precursors/MC"
"CTCACCAGTGTAAGTT-1","SeuratProject",36398,8632,0.810484092532557,0.00549480740700038,76315,9771,"0","0","0","0","0","0","0","5","5","5","5","5","5","6",2.00874584473832,2.25319145994246,"RPC/PC"
"CTCACCTGAGACTAAG-1","SeuratProject",19830,7111,1.55320221886031,0.0151285930408472,75692,10379,"0","0","0","1","1","1","2","2","2","1","1","1","1","2",-0.119129483325644,-2.42490453643739,"RPC/PC_precursors/MC"
"CTCACCTGCCGACTAA-1","SeuratProject",220973,12204,1.81289116769922,0.00859833554325642,79876,10373,"0","1","1","2","2","3","3","3","3","2","2","2","2","3",-3.61964059315459,4.19866805152953,"RPE/RPE_progenitors"
"CTCATAATAGCACCGT-1","SeuratProject",295,282,0.338983050847458,0,72044,11439,"0","0","0","0","0","0","0","0","0","0","0","0","0","6",-2.01314819298522,3.28838305549681,"RPC/PC"
"CTCCTACATTGTATCT-1","SeuratProject",41922,9253,1.21893039454225,0.007156147130385,76736,9875,"0","0","0","1","1","1","2","2","2","1","1","1","1","2",-0.60401231489913,-2.09379000587404,"RPC/PC_precursors/MC"
"CTCGACAGCACTCGGA-1","SeuratProject",29772,8289,1.49469300013435,0.00335886067445922,76165,10139,"0","0","0","1","1","1","2","2","2","1","1","1","1","2",1.02418440140946,-1.91617174072206,"RPC/PC_precursors/MC"
"CTCGACTCCTAATGGA-1","SeuratProject",147024,11730,2.47374578300141,0.00544128849711612,78955,10702,"0","1","1","2","2","3","3","3","3","2","2","2","2","3",-3.36534175716178,2.98441963272154,"RPE/RPE_progenitors"
"CTCGCTAGCACCATCT-1","SeuratProject",9833,4922,3.25434760500356,0,75002,10781,"0","0","0","0","0","0","0","0","0","0","0","0","0","6",-0.984683458430929,-4.52534980697572,"RPC/PC"
"CTGAAGGTGCTCGAGG-1","SeuratProject",12977,5751,2.55837250520151,0.00770594128072744,75359,10662,"0","0","0","0","0","0","0","0","0","0","0","0","0","6",-0.898974244220419,-4.08790035171449,"RPC/PC"
"CTGATTACAATGTCCA-1","SeuratProject",237491,11749,0.248851535426606,0.0138952633994551,78545,9995,"0","0","0","1","4","4","4","8","8","9","9","9","9","4",-2.92571093488322,0.817169357109667,"hRSLCs"
"CTGCATTGAGGAGCCG-1","SeuratProject",168027,11599,0.620733572580597,0.00773685181548204,78938,10232,"0","1","1","2","2","3","3","3","3","2","2","2","2","3",-4.27317864142196,4.88352994995177,"RPE/RPE_progenitors"
"CTGCCGATTGCGATGT-1","SeuratProject",54120,9722,0.927568366592757,0.0073909830007391,76946,9808,"0","0","0","1","1","1","5","4","4","4","4","4","4","5",-2.15318572960631,-2.90850658340394,"RPC/PC/AC_HC/BC/MC"
"CTGCCTAGTGAATAAG-1","SeuratProject",66115,10175,0.939272479770098,0.0136126446343492,76807,10174,"0","0","0","0","0","0","0","5","5","5","5","5","3","6",2.05244653977616,1.99055390434325,"RPC/PC"
"CTGCCTGTGAGCCAGG-1","SeuratProject",40750,9160,1.17055214723926,0.00736196319018405,76582,9831,"0","0","0","0","0","0","0","0","0","3","3","3","3","6",1.8397414044307,1.2863990254885,"RPC/PC"
"CTGGTGATCGCCGTAG-1","SeuratProject",100853,10876,0.637561599555789,0.0118985057459867,78365,10808,"0","0","2","3","3","2","1","1","1","6","6","6","6","1",3.39563244141801,-2.8690726272577,"RGC/RPC"
"CTGTGGTAAGCTAATA-1","SeuratProject",257842,12389,0.831129141101915,0.0139620387679276,78849,10902,"0","0","0","1","1","1","2","2","2","1","1","1","1","2",-0.897762601001425,-0.371603440474867,"RPC/PC_precursors/MC"
"CTGTTCCAGAAGCTGA-1","SeuratProject",63447,9996,0.849527952464262,0.00788059325105994,76882,9992,"0","0","0","1","4","4","4","8","8","9","9","9","9","4",-2.29118878088729,1.44420059399665,"hRSLCs"
"CTTACGCAACTCAACG-1","SeuratProject",150361,11404,0.536043255897473,0.00532052859451587,78740,10470,"0","0","0","0","4","4","4","5","5","5","5","5","5","4",0.841928179638224,3.25989346580565,"hRSLCs"
"CTTAGCTACGCAAGGT-1","SeuratProject",129428,11375,0.953425842939704,0.00540841239917174,78557,10739,"0","0","0","1","4","4","4","8","8","9","9","9","9","4",-2.45046464048163,1.63647675888598,"hRSLCs"
"CTTAGTCTATCGAGAC-1","SeuratProject",114308,11039,1.56506981138678,0.00962312349091927,78762,10502,"0","1","1","2","2","3","3","3","3","2","2","2","2","3",-3.73360312424438,4.02782898025572,"RPE/RPE_progenitors"
"CTTAGTGGTACACGAC-1","SeuratProject",104532,10913,0.402747484024031,0.0143496728274595,78343,10821,"0","0","0","0","0","0","0","0","0","0","0","0","0","6",2.30423086442216,-4.41624708099306,"RPC/PC"
"CTTAGTTGCTCGTTGT-1","SeuratProject",192878,12046,0.875164611827165,0.00466616202988418,78657,10833,"0","0","0","0","0","2","1","1","1","3","3","3","3","1",2.53390949525102,0.132021237183214,"RGC/RPC"
"CTTATTCACTAGCTGG-1","SeuratProject",52226,9660,1.16225634741317,0.0038295102056447,76837,9779,"0","0","2","3","3","2","1","1","1","6","6","6","6","1",2.54395454682572,-1.1998261920923,"RGC/RPC"
"CTTCATGCCTAGACGG-1","SeuratProject",118560,11436,1.0863697705803,0.0109649122807018,78474,11109,"0","0","0","0","0","2","1","1","1","3","3","3","3","1",1.16601007737382,0.821288276482226,"RGC/RPC"
"CTTCGATACTCCGACC-1","SeuratProject",41374,8997,1.39942959346449,0.00241697684536182,76732,9771,"0","0","0","1","1","1","2","2","2","1","1","1","1","2",-1.41531342707412,-0.23944826049745,"RPC/PC_precursors/MC"
"CTTGCCGGAAGACGCA-1","SeuratProject",94210,10657,0.600785479248487,0.00636875066341153,78467,10649,"0","0","0","0","0","0","0","5","5","5","5","5","5","6",3.03315275468095,2.24184827880919,"RPC/PC"
"CTTGGAGGCCACCTGC-1","SeuratProject",316925,12277,0.478346611974442,0.0113591543740633,79147,10238,"0","0","0","0","4","4","4","5","5","5","5","5","5","4",-0.370929305179281,2.95180313663542,"hRSLCs"
"CTTGTATCGTATGATT-1","SeuratProject",8824,4666,1.38259292837715,0.0113327289211242,74335,10797,"0","0","0","0","0","0","0","0","0","0","0","0","0","6",2.16621034898026,2.13023738937438,"RPC/PC"
"GAATACAGACGAACTG-1","SeuratProject",66786,10125,1.27122450813045,0.00598927919024945,76719,10124,"0","1","1","2","2","3","3","3","3","2","2","2","2","3",-3.18597814880149,3.98439626770079,"RPE/RPE_progenitors"
"GACAAGCTGAATCTGG-1","SeuratProject",8271,4350,1.24531495586991,0.0120904364647564,74500,10852,"0","0","0","0","0","0","0","0","0","0","0","0","0","6",-1.72480136595504,-0.069923829268812,"RPC/PC"
"GACAATCTATTAGATT-1","SeuratProject",116499,11174,0.651507738263848,0.00772538820075709,78323,10770,"0","0","2","3","3","2","1","1","1","6","6","6","6","1",3.28513544358476,-2.63294477386415,"RGC/RPC"
"GACATCCTTCATTATC-1","SeuratProject",169194,11511,0.615270045037058,0.0130028251592846,78841,10204,"0","1","1","2","2","3","3","3","3","2","2","2","2","3",-4.18785006247298,5.09322576599181,"RPE/RPE_progenitors"
"GACCAATTGCGTCAGA-1","SeuratProject",13560,5858,1.03982300884956,0.0147492625368732,74936,10586,"0","0","0","0","0","0","0","0","0","0","0","0","0","6",-0.156556908710165,2.18341143803656,"RPC/PC"
"GACGAGCTGCACTCGT-1","SeuratProject",196708,11443,0.270451633893893,0.0193179738495638,78505,9843,"0","0","0","1","1","1","5","4","4","4","4","4","4","5",0.110362704174356,-5.34091443939149,"RPC/PC/AC_HC/BC/MC"
"GACGCTGTACAAGGCG-1","SeuratProject",9616,4952,0.935940099833611,0.0103993344425957,74550,10767,"0","0","0","0","0","0","0","0","0","0","0","0","0","6",-1.34257811747329,2.95370154457152,"RPC/PC"
"GAGGCCAGCAGAGGTT-1","SeuratProject",66493,10033,0.551937797963695,0.0165430947618546,76831,10030,"0","0","0","1","1","1","5","4","4","4","4","4","4","5",-2.20759302817122,-2.75384826583803,"RPC/PC/AC_HC/BC/MC"
"GAGGTATTAATAGCGG-1","SeuratProject",109143,11340,1.22316593826448,0.00549737500343586,78659,11045,"0","1","1","2","2","3","3","3","3","2","2","2","2","3",-3.58874947272079,3.43514852600157,"RPE/RPE_progenitors"
"GAGTAGATACGTCAAC-1","SeuratProject",143722,11588,0.647778349869888,0.00626208931130933,78778,10905,"0","0","0","0","0","2","1","1","1","3","3","3","3","1",2.17389648713334,1.50625838713706,"RGC/RPC"
"GATAAGCACGTGCGTA-1","SeuratProject",36294,8815,1.11037637074999,0.0137763817710916,76435,9840,"0","0","0","0","0","2","1","1","1","3","3","3","3","1",2.58439605988725,0.972628284264208,"RGC/RPC"
"GATGCCAGACATAATG-1","SeuratProject",41695,8760,0.450893392493105,0.0119918455450294,76893,9478,"0","0","0","1","1","1","5","4","4","4","4","4","4","5",-3.59515899859206,-0.411871384810804,"RPC/PC/AC_HC/BC/MC"
"GATGCCGACAGATATT-1","SeuratProject",261923,12386,0.836505385170451,0.012980914238154,78991,10913,"0","0","0","0","0","2","1","1","1","3","3","3","3","1",0.683366234676676,0.911066699791552,"RGC/RPC"
"GCACCTTACTGGCTAC-1","SeuratProject",1314,1072,2.20700152207002,0,72868,11305,"0","0","0","0","0","0","0","0","0","0","0","0","0","6",-1.08882874689834,-4.80056590957582,"RPC/PC"
"GCACCTTAGCCTCGCA-1","SeuratProject",54157,9646,1.29438484406448,0.00369296674483446,76864,9737,"0","0","2","3","3","2","1","1","1","6","6","6","6","1",2.5430809811519,-1.50457615776002,"RGC/RPC"
"GCACTGTTGCGGCCTT-1","SeuratProject",233541,11753,0.265049819945962,0.0196967556018001,78509,9904,"0","0","0","1","1","1","5","4","4","4","4","4","4","5",0.171419079677896,-5.25315923614442,"RPC/PC/AC_HC/BC/MC"
"GCAGGTCACTACCTCA-1","SeuratProject",45295,9317,1.07075836185009,0.00441549839938183,76750,9776,"0","0","0","1","4","4","4","8","8","9","9","9","9","4",-2.14927554569976,1.86995737628996,"hRSLCs"
"GCAGGTGCTGATGCTT-1","SeuratProject",71351,9552,0.385418564561113,0.016818264635394,76548,9551,"0","1","1","2","2","3","3","3","3","2","2","2","2","3",-3.37381887875335,5.57995967941344,"RPE/RPE_progenitors"
"GCCAGACAGACGCCTA-1","SeuratProject",245163,12204,0.762757838662441,0.0065262702773257,79443,10173,"0","1","1","2","2","3","3","3","3","2","2","2","2","3",-3.08163212679164,3.72379283981383,"RPE/RPE_progenitors"
"GCCAGTAGACGATACC-1","SeuratProject",68545,10180,1.04602815668539,0.0160478517762054,76690,10176,"0","0","0","1","4","4","4","8","8","9","9","9","9","4",-2.24340028010146,1.64868846165002,"hRSLCs"
"GCCATTCTCGTGTAGA-1","SeuratProject",37489,9056,1.40574568540105,0.0080023473552242,76314,9931,"0","0","0","0","0","2","1","1","1","3","3","3","3","1",1.50383299149735,0.55242734031737,"RGC/RPC"
"GCCGATCTCGTGACTC-1","SeuratProject",117908,11398,1.03640126200088,0.0135699019574584,78552,11091,"0","0","0","0","0","2","1","1","1","3","3","3","3","1",2.2235476330684,-0.707925032805799,"RGC/RPC"
"GCCGCTGATTGGCCAG-1","SeuratProject",110823,11159,1.87776905516003,0.00270701930104762,78619,10758,"0","1","1","2","2","3","3","3","3","2","2","2","2","3",-3.53683156214492,3.26349167900145,"RPE/RPE_progenitors"
"GCCGGCGAACCATTGT-1","SeuratProject",92594,10774,0.589671037000238,0.0151197701794933,78456,10766,"0","0","0","1","1","1","5","4","4","4","4","4","4","5",-2.29749727688567,-2.58924264831483,"RPC/PC/AC_HC/BC/MC"
"GCCGGTATGCTCATGC-1","SeuratProject",52699,9758,0.686920055409021,0.0113854152830224,76772,9861,"0","0","0","1","1","1","2","2","2","1","1","1","1","2",-1.1223688765599,-0.0472400896066416,"RPC/PC_precursors/MC"
"GCCTGGAGCAAGTTAG-1","SeuratProject",243327,12208,0.570014836002581,0.00410969600578645,79433,10175,"0","1","1","2","2","3","3","3","3","2","2","2","2","3",-2.71658578954474,3.55118184166014,"RPE/RPE_progenitors"
"GCGAATCGAGAACACG-1","SeuratProject",27448,7970,1.58845817545905,0.010929758088021,76160,10146,"0","0","0","1","1","1","2","2","2","1","1","1","1","2",0.182494099514322,-1.95733208579957,"RPC/PC_precursors/MC"
"GCGACACTAAGCTAAG-1","SeuratProject",14205,5945,1.64730728616684,0,75403,10602,"0","0","0","1","1","1","2","2","2","1","1","1","1","2",-1.77016991816298,-0.446163129042982,"RPC/PC_precursors/MC"
"GCGACAGTGCCGCACC-1","SeuratProject",91737,10567,1.76264756859283,0.00872058166279691,78677,10534,"0","1","1","2","2","3","3","3","3","2","2","2","2","3",-3.53384185276763,4.37858133392394,"RPE/RPE_progenitors"
"GCGATCTTGCTCACGC-1","SeuratProject",18602,6520,0.473067412106225,0.0107515320933233,75790,10381,"0","0","0","0","0","0","0","0","0","0","0","0","0","6",-2.88929616167979,5.09163956718505,"RPC/PC"
"GCGTACCGGATGGCTC-1","SeuratProject",119819,11266,0.699388243934601,0.0100151061183952,78418,10836,"0","0","2","3","3","2","1","1","1","6","6","6","6","1",3.44242208756669,-2.67312641067445,"RGC/RPC"
"GCGTCCTCTGCCGTTG-1","SeuratProject",382760,12569,0.895077855575295,0.00731528895391368,79031,10628,"0","0","0","0","4","4","4","5","5","5","5","5","5","4",-0.690861050708456,2.86075394229949,"hRSLCs"
"GCTCCGAGACTACATA-1","SeuratProject",176885,11892,1.2454419538118,0.00791474686943494,78541,10776,"0","0","0","1","1","2","1","1","2","1","1","1","1","1",1.20635193146928,-1.41626472396791,"RGC/RPC"
"GCTCCGGCAACATGAT-1","SeuratProject",126347,11303,1.16741988333716,0.00712323996612504,78495,10669,"0","0","2","3","3","2","1","1","1","6","6","6","6","1",2.68380182542069,-1.61392469329774,"RGC/RPC"
"GCTGACTTGTCTCAAT-1","SeuratProject",32041,8043,0.227833088854905,0.0156050060859524,76284,9779,"0","0","0","0","0","0","0","0","0","0","0","0","0","6",1.14289444245561,-4.02909345550477,"RPC/PC"
"GCTTCTCCAGAACCGC-1","SeuratProject",104119,11028,1.46178891460732,0.00960439497113879,78345,10878,"0","0","2","3","3","2","1","1","1","6","6","6","6","1",2.5065328434871,-1.95773358268678,"RGC/RPC"
"GCTTGGATGCTCGCTT-1","SeuratProject",27289,7972,1.67100296822896,0.00732896038696911,76152,10133,"0","0","0","1","1","1","2","2","2","1","1","1","1","2",0.723484690563517,-1.88888878745973,"RPC/PC_precursors/MC"
"GGAATCCTTAGACTGT-1","SeuratProject",45758,9451,0.878534901000918,0.00874164080597928,76810,9812,"0","0","0","1","1","1","2","2","2","1","1","1","1","2",0.729937012569742,-1.7321531288141,"RPC/PC_precursors/MC"
"GGACCGCTTCCTGGCA-1","SeuratProject",58050,9980,0.954349698535745,0.0103359173126615,76895,9995,"0","0","0","1","1","1","2","2","2","1","1","1","1","2",1.23618953980668,-1.82390255851686,"RPC/PC_precursors/MC"
"GGACGGCTATCGACCA-1","SeuratProject",62067,10117,0.931251711859765,0.0112781349187169,76847,10116,"0","0","0","0","0","2","1","1","1","3","3","3","3","1",2.02767246522172,-0.111315678786634,"RGC/RPC"
"GGAGGTCGTAGGAGCT-1","SeuratProject",53132,9338,0.370774674395844,0.0112926296770308,76764,9454,"0","0","0","0","0","0","0","0","0","0","0","0","0","6",1.04021614350541,-4.16256351394594,"RPC/PC"
"GGATCGAGTGTCCACT-1","SeuratProject",75457,10242,0.69576049935725,0.0159030971281657,76476,10237,"0","1","1","2","2","3","3","3","3","2","2","2","2","3",-4.01272994719283,5.23398976402342,"RPE/RPE_progenitors"
"GGATCGCTGGCATATT-1","SeuratProject",35178,8660,1.24225368127807,0.0142134288475752,76383,9906,"0","0","0","1","1","1","5","4","4","4","4","4","4","5",-1.7650234147145,-3.12127036971986,"RPC/PC/AC_HC/BC/MC"
"GGATCGGACGTCTTGT-1","SeuratProject",167000,11562,0.474850299401198,0.0101796407185629,78718,10467,"0","0","0","0","4","4","4","5","5","5","5","5","5","4",-0.208463971240683,3.03971819953978,"hRSLCs"
"GGCAGCTCCTGGACGG-1","SeuratProject",204275,12072,1.20327989230204,0.00538489780932566,78726,10742,"0","0","2","3","3","2","1","1","1","6","6","6","6","1",2.51600425996049,-0.929695557784437,"RGC/RPC"
"GGCAGGAAGTCTTCTA-1","SeuratProject",82432,10540,0.852824145962733,0.00363936335403727,78934,10535,"0","0","0","0","0","2","1","1","1","3","3","3","3","1",2.7121631459163,1.16948460416854,"RGC/RPC"
"GGCCAAGATGGATGGC-1","SeuratProject",157865,11427,0.504861748962721,0.0164697684730624,78273,10354,"0","0","0","1","1","1","5","4","4","4","4","4","4","5",-3.33915499292151,-0.539192628096937,"RPC/PC/AC_HC/BC/MC"
"GGTAAGGCGACGATGA-1","SeuratProject",10654,5019,1.37976346911958,0,75312,10732,"0","0","0","0","0","0","0","0","0","0","0","0","0","6",1.46655433930619,-1.85671706123292,"RPC/PC"
"GGTACGGAGCATCAGC-1","SeuratProject",123172,11068,0.456272529470984,0.0154255837365635,78449,10596,"0","0","0","1","1","1","5","4","4","4","4","4","4","5",-2.2510680004193,-1.82162971420228,"RPC/PC/AC_HC/BC/MC"
"GGTAGGTTGTTCTAAG-1","SeuratProject",227719,12323,1.27920814688278,0.00570879021952494,78714,10858,"0","0","0","0","0","2","1","1","1","3","3","3","3","1",2.77732914246781,0.267715144920946,"RGC/RPC"
"GGTCATGCTCTGCCAA-1","SeuratProject",44987,9389,1.07364349701025,0.00889145753217596,76657,9780,"0","0","0","0","0","2","1","1","1","3","3","3","3","1",1.99465626038774,-0.332045268248915,"RGC/RPC"
"GGTCTGCGAACTGTAT-1","SeuratProject",71368,9965,1.86918506893846,0.00280237641520009,76362,9956,"0","1","1","2","2","3","3","3","3","2","2","2","2","3",-3.46166372738616,4.3410103805548,"RPE/RPE_progenitors"
"GGTCTTGAACCGGCCA-1","SeuratProject",59462,10108,1.65483838417813,0.00672698530153712,76860,10113,"0","0","0","1","1","1","2","2","2","1","1","1","1","2",-0.773833100421591,-2.41146488113344,"RPC/PC_precursors/MC"
"GGTGCAGTGGTCTTAT-1","SeuratProject",122608,11192,0.646776719300535,0.0122341119665927,78666,10594,"0","0","0","0","4","4","4","5","5","5","5","5","5","4",-0.926877324206991,3.58633010463774,"hRSLCs"
"GGTTAGTATGAGTGTC-1","SeuratProject",257444,12329,0.902720591662653,0.0100992837277233,78894,10801,"0","0","0","1","1","1","2","2","2","1","1","1","1","2",-0.659960810763998,-0.89102764053285,"RPC/PC_precursors/MC"
"GGTTAGTCGGCAGCGA-1","SeuratProject",8407,4533,1.07053645771381,0.0118948495301534,74441,10836,"0","0","0","0","0","0","0","0","0","0","0","0","0","6",-2.14424229107635,2.88659708576262,"RPC/PC"
"GGTTCAAGGTTAAGCC-1","SeuratProject",153076,11752,0.972719433484021,0.0104523243356241,78722,10938,"0","0","0","0","0","2","1","1","1","3","3","3","3","1",0.372095997707682,1.1300586350447,"RGC/RPC"
"GGTTCACCGACTCACG-1","SeuratProject",72512,10275,0.526809355692851,0.0220653133274493,76463,10271,"0","0","0","0","0","0","0","0","0","0","0","0","0","6",0.67385166444047,-3.76867122573793,"RPC/PC"
"GGTTGACCATTGCTGT-1","SeuratProject",112157,11167,0.653548151252262,0.0151573241081698,78380,10950,"0","0","0","0","0","2","1","1","1","3","3","3","3","1",0.982392723934488,1.44542087988913,"RGC/RPC"
"GGTTGCGATTGAACAG-1","SeuratProject",179261,11998,0.839557962970194,0.010041224806288,78896,10985,"0","0","0","0","0","2","1","1","1","3","3","3","3","1",0.236536677257853,0.643033910561205,"RGC/RPC"
"GTAACATCTTATAATG-1","SeuratProject",164591,11471,0.486053307896544,0.0127588993322843,78654,10194,"0","1","1","2","2","3","3","3","3","2","2","2","2","3",-3.99436742506759,5.06706862526,"RPE/RPE_progenitors"
"GTAATGACGGTCTACG-1","SeuratProject",374393,12774,0.647715101510979,0.00774587131703851,78969,11004,"0","0","0","1","1","1","2","2","2","1","1","1","1","2",-0.56458884917037,-1.20168847961366,"RPC/PC_precursors/MC"
"GTACCTGAAGTGAATG-1","SeuratProject",161005,11724,2.36576503835285,0.00496878978913698,79501,10461,"0","1","1","2","2","3","3","3","3","2","2","2","2","3",-3.84652978621261,3.75216393547118,"RPE/RPE_progenitors"
"GTACTTACTTCATACC-1","SeuratProject",57743,10015,0.917860173527527,0.00692724659266058,76822,10029,"0","0","0","1","1","1","2","2","2","1","1","1","1","2",-0.971292082889242,-0.0354626886361826,"RPC/PC_precursors/MC"
"GTACTTCTGATCCTCG-1","SeuratProject",206995,11710,0.387448972197396,0.0159424140679727,78272,10142,"0","0","0","1","1","1","5","4","4","4","4","4","4","5",-3.40818316183822,-0.367954444121717,"RPC/PC/AC_HC/BC/MC"
"GTAGCAGAAGACTCTT-1","SeuratProject",357077,12754,0.617513869557546,0.00588108447197663,78946,10732,"0","0","0","0","0","2","1","1","1","3","3","3","3","1",2.8928911045955,1.32616715507567,"RGC/RPC"
"GTAGCATAGTTACAGG-1","SeuratProject",3473,2482,2.24589691909012,0,73540,11108,"0","0","0","0","0","0","0","0","0","0","0","0","0","6",-1.04263955794112,-4.78154869003236,"RPC/PC"
"GTAGCCGCACTCCATC-1","SeuratProject",77892,10529,1.40579263595748,0.00898680223899759,77876,10521,"0","0","0","0","0","0","0","1","1","3","3","3","3","6",3.05752676285966,0.753565002251269,"RPC/PC"
"GTAGTCCATTGTTCGT-1","SeuratProject",107944,10944,0.611428147928556,0.0203809382642852,78471,10728,"0","1","1","2","2","3","3","3","3","2","2","2","2","3",-4.04559559069411,5.0079591758734,"RPE/RPE_progenitors"
"GTAGTGACATTACGAC-1","SeuratProject",4029,2736,1.46438322164309,0,73994,11076,"0","0","0","0","0","0","0","0","0","0","0","0","0","6",-1.30944878302352,-3.75646705551088,"RPC/PC"
"GTATGACATAAGACGG-1","SeuratProject",233891,12233,0.763176009337683,0.0076958925311363,79162,10452,"0","1","1","2","2","3","3","3","3","2","2","2","2","3",-2.79767556182878,3.49686484413207,"RPE/RPE_progenitors"
"GTATGCGGTATCATGA-1","SeuratProject",138072,11614,0.818413581319891,0.00941537748421114,78620,11005,"0","0","0","1","1","1","2","2","2","1","1","1","1","2",-0.673042122943563,-1.69662518424928,"RPC/PC_precursors/MC"
"GTATTCGTGACTTGAT-1","SeuratProject",61249,9974,1.12654900488171,0.0114287580205391,76979,9977,"0","0","0","1","1","1","5","4","4","4","4","4","4","5",-1.80997318468825,-2.90681571884096,"RPC/PC/AC_HC/BC/MC"
"GTCACTTATCCAAGAC-1","SeuratProject",78505,10527,0.920960448379084,0.0101904337303356,78397,10526,"0","0","0","0","0","0","0","0","0","0","0","0","0","6",-0.171988789661093,-3.55089826507509,"RPC/PC"
"GTCAGCCATTGTGCGG-1","SeuratProject",50732,9790,1.36008830718284,0.0059134274225341,76739,9933,"0","0","0","0","0","2","1","1","1","3","3","3","3","1",1.26016395844682,0.494183350372912,"RGC/RPC"
"GTCAGCCTCCGAACCT-1","SeuratProject",165164,11119,0.237339856142985,0.0369329878181686,78446,9743,"0","0","0","0","0","0","0","0","0","0","0","0","7","6",0.84509223260148,-4.97426052017152,"RPC/PC"
"GTCATCACTATTGTGC-1","SeuratProject",268203,12011,0.276283263050749,0.0186425953475539,78742,10180,"0","0","0","0","0","0","0","0","0","0","0","0","0","6",1.20355289735063,-5.21115512771547,"RPC/PC"
"GTCCTTCATCAGATCA-1","SeuratProject",162567,11857,1.53659721837765,0.00922696488217166,78903,10858,"0","0","0","1","4","4","4","8","8","9","9","9","9","4",-2.87321237541573,2.22279589252532,"hRSLCs"
"GTCGCAACGAGCTGAC-1","SeuratProject",25694,7849,1.44002490853896,0,76003,10163,"0","0","0","1","1","1","2","2","2","1","1","1","1","2",-1.32719546995894,-2.6896669380182,"RPC/PC_precursors/MC"
"GTCTAAGCGGCACGCC-1","SeuratProject",195158,12082,0.753748245011734,0.0102481066622941,78853,10899,"0","0","0","0","0","2","1","1","1","3","3","3","3","1",2.17625778474076,-0.155626129340528,"RGC/RPC"
"GTCTGATATCTGAATT-1","SeuratProject",55316,9790,1.4643141224962,0.00542338563887483,76870,9875,"0","0","0","1","1","1","2","2","2","1","1","1","1","2",-1.54292268000381,-0.253060292434095,"RPC/PC_precursors/MC"
"GTCTTGACTTGCTCTG-1","SeuratProject",5587,3492,1.5034902452121,0.0178986933953821,74309,10992,"0","0","0","0","0","0","0","0","0","0","0","0","0","6",-1.28352648459212,-3.66706771774232,"RPC/PC"
"GTCTTGCGATGAATGC-1","SeuratProject",165185,11736,0.54181675091564,0.00544843660138632,78944,10486,"0","1","1","2","2","3","3","3","3","2","2","2","2","3",-2.49797967515723,3.57492797451079,"RPE/RPE_progenitors"
"GTCTTGCGGCGATTCA-1","SeuratProject",49304,9609,0.831575531397047,0.00405646600681486,76825,9808,"0","0","0","1","1","1","2","2","2","1","1","1","1","2",-0.134351317508383,-2.00562758369386,"RPC/PC_precursors/MC"
"GTGAAGTGATCGTGCT-1","SeuratProject",19948,6863,1.52897533587327,0.0100260677762182,75384,10463,"0","1","1","2","2","3","3","3","3","2","2","2","2","3",-3.21707615695731,4.2196622379309,"RPE/RPE_progenitors"
"GTGAATTAGACATTGC-1","SeuratProject",153646,11783,0.943727789854601,0.00976270127435794,78732,11010,"0","0","0","0","0","2","1","1","1","3","3","3","3","1",1.47893589295609,0.309664178658129,"RGC/RPC"
"GTGACAAGATGCTCAT-1","SeuratProject",104506,11131,1.8152067823857,0.0076550628672038,78393,10974,"0","0","0","1","4","4","4","8","8","9","9","9","9","4",-1.9789949699475,0.545474220085741,"hRSLCs"
"GTGACATATGCTAGAT-1","SeuratProject",104199,10676,0.314782291576695,0.0134358295185175,78353,10559,"0","0","0","1","1","1","5","4","4","4","4","4","4","5",-3.09938207708137,0.264270711708666,"RPC/PC/AC_HC/BC/MC"
"GTGACATGTACCACCT-1","SeuratProject",68863,9949,0.781261344989327,0.0101651104366641,76685,9942,"0","0","0","0","0","0","0","5","5","5","5","5","5","6",2.93855398453935,2.24381964283049,"RPC/PC"
"GTGACCAGATCGAGAT-1","SeuratProject",570,526,0.701754385964912,0,72172,11385,"0","0","0","0","0","0","0","0","0","0","0","0","0","6",-1.56096119128005,3.27453761177123,"RPC/PC"
"GTGACTTCAACATCCG-1","SeuratProject",7678,4222,0.976816879395676,0,74776,10872,"0","0","0","0","0","0","0","0","0","0","0","0","0","6",1.93402260102494,-1.90493078155458,"RPC/PC"
"GTGCATTCCTGTGGTC-1","SeuratProject",139812,11279,0.469916745343747,0.0214573856321346,78385,10497,"0","0","0","1","1","1","5","4","4","4","4","4","4","5",-3.25670713625686,-1.56220240516603,"RPC/PC/AC_HC/BC/MC"
"GTGCGTTCACGGATAA-1","SeuratProject",54343,9907,1.59358151003809,0.00736065362604199,76818,9966,"0","0","0","0","0","2","1","1","1","3","3","3","3","1",1.5987221554683,0.666962910462023,"RGC/RPC"
"GTGGCGACCTAATATT-1","SeuratProject",99524,11157,0.917366665326956,0.00703347936176199,78459,11125,"0","0","0","0","0","2","1","1","1","3","3","3","3","1",1.77902382172807,0.219072271156908,"RGC/RPC"
"GTGGCGCACCTGTTCC-1","SeuratProject",76338,10484,1.57326626319788,0.0157195629961487,76661,10477,"0","0","0","0","0","0","0","0","0","0","0","0","0","6",-0.366825644595785,-3.72286243362367,"RPC/PC"
"GTGGCGCCAACAGCTC-1","SeuratProject",13458,5887,0.891662951404369,0.00743052459503641,75157,10606,"0","0","0","0","0","0","0","0","0","0","0","0","0","6",0.896400864498453,1.86309831218779,"RPC/PC"
"GTTAACAACTTCGGAT-1","SeuratProject",150175,11551,0.602630264691194,0.0139836857000166,78547,10618,"0","0","2","3","3","2","1","1","1","6","6","6","6","1",3.4463784054683,-2.75865669174135,"RGC/RPC"
"GTTAGGCCTGAACATC-1","SeuratProject",231034,12154,0.788628513552118,0.0103880814079313,78870,10634,"0","0","0","0","4","4","4","5","5","5","5","5","5","4",0.0196852044032383,3.11380832271636,"hRSLCs"
"GTTATGTTGCTTAGAT-1","SeuratProject",104269,10317,0.645445913934151,0.014385867323941,78513,10033,"0","1","1","2","2","3","3","3","3","2","2","2","2","3",-3.30633840404288,5.47543196754515,"RPE/RPE_progenitors"
"GTTCATTGCCTGAATA-1","SeuratProject",133248,11431,0.613142411143132,0.0127581652257445,78489,10781,"0","0","0","0","0","2","1","1","1","3","3","3","3","1",1.04823511399491,1.68278989570201,"RGC/RPC"
"GTTCCGTCATACGGCT-1","SeuratProject",133898,11616,1.09785060269758,0.00597469715753783,78559,11014,"0","0","0","1","1","2","1","1","2","1","1","1","1","1",1.35135668076737,-1.51548952979982,"RGC/RPC"
"GTTCCTGAACCTTCAA-1","SeuratProject",218982,11685,1.13981971120914,0.0100464878391831,79539,9814,"0","1","1","2","2","3","3","3","3","2","2","2","2","3",-3.88106650553481,4.68129258232176,"RPE/RPE_progenitors"
"GTTGAAGGAAGTCGGC-1","SeuratProject",52985,9520,0.839860337831462,0.0113239596112107,76708,9623,"0","0","0","0","4","4","4","5","5","5","5","5","5","4",-0.76751214705245,3.57492082195342,"hRSLCs"
"GTTGACATGAACCAAC-1","SeuratProject",105198,10311,0.472442441871518,0.0133082377991977,78564,10001,"0","1","1","2","2","3","3","3","3","2","2","2","2","3",-3.14506099067466,5.51071291046202,"RPE/RPE_progenitors"
"GTTGACTAGAGCACGT-1","SeuratProject",19731,6994,0.902133698241346,0.00506816684405251,75801,10371,"0","0","0","1","1","0","2","2","2","1","1","1","1","2",0.408786232845621,-1.52392454070985,"RPC/PC_precursors/MC"
"GTTGCTCCTGAGATTC-1","SeuratProject",66194,9934,0.915490829984591,0.00906426564341179,76769,9931,"0","0","0","0","4","4","4","5","5","5","5","5","5","4",1.10352867402299,3.2593054063803,"hRSLCs"
"GTTGCTTGCAATCACT-1","SeuratProject",3586,2534,1.33853876185165,0,73788,11114,"0","0","0","0","0","0","0","0","0","0","0","0","0","6",-1.22144383631484,-3.47385997695863,"RPC/PC"
"TAACAGCAGGCCTTAC-1","SeuratProject",16021,6305,0.898820298358405,0.00624180762748892,75039,10548,"0","0","0","0","0","0","0","0","0","0","0","0","0","6",0.012341435329752,3.54694025592864,"RPC/PC"
"TAACAGGAACCGACAA-1","SeuratProject",141294,11513,0.45720271207553,0.0162781151358161,78510,10761,"0","0","0","1","1","1","5","4","4","4","4","4","4","5",-3.0624073936774,-2.40429229659974,"RPC/PC/AC_HC/BC/MC"
"TAACAGGTCCATACCA-1","SeuratProject",5052,3231,1.18764845605701,0.0197941409342835,74015,11013,"0","0","0","0","0","0","0","0","0","0","0","0","0","6",0.246496374981241,-4.08539791030824,"RPC/PC"
"TAACATGCGTGCGAAC-1","SeuratProject",110737,11139,0.986120266938783,0.00993344591238701,78292,10916,"0","0","0","1","1","2","1","1","1","1","1","1","1","1",1.53056972779496,-1.31238837165773,"RGC/RPC"
"TAACCTTGAGACTTCG-1","SeuratProject",56796,9821,0.901471934643285,0.00176068737235017,76853,9853,"0","0","0","0","0","2","1","1","1","3","3","3","3","1",2.77030437745317,0.940639603901507,"RGC/RPC"
"TAACGACCTTGCCTAT-1","SeuratProject",80578,10752,1.37506515426047,0.00372310059817816,79050,10750,"0","0","0","1","1","1","2","2","2","1","1","1","1","2",-0.635395352466269,-1.7780150882715,"RPC/PC_precursors/MC"
"TAACGCATTGGTCCAA-1","SeuratProject",129291,11324,0.44241285162927,0.0108282865783388,78412,10714,"0","0","0","1","1","1","5","4","4","4","4","4","4","5",-3.20839995585219,-2.33638496322572,"RPC/PC/AC_HC/BC/MC"
"TAACGCGTCAAGCGTT-1","SeuratProject",299033,12231,1.96801021960787,0.00769145880220578,80475,10009,"0","1","1","2","2","3","3","3","3","2","2","2","2","3",-4.06675738535659,4.20787148552001,"RPE/RPE_progenitors"
"TAACGCTCATACGGCA-1","SeuratProject",78843,10269,0.521289144248697,0.0190251512499524,78572,10268,"0","0","0","1","1","1","5","4","4","4","4","4","4","5",-3.17561036787765,-1.03116030616701,"RPC/PC/AC_HC/BC/MC"
"TAACGTTGCGTCGATG-1","SeuratProject",196810,12045,0.698643361617804,0.00812966820791626,78784,10791,"0","0","0","0","0","2","1","1","1","3","3","3","3","1",2.56650083817704,0.749666500855089,"RGC/RPC"
"TAAGAATATGAGATAG-1","SeuratProject",37542,8809,1.47834425443503,0.0133184167066219,76651,9802,"0","0","0","1","1","1","2","2","2","1","1","1","1","2",-1.30493063174026,0.245435763168932,"RPC/PC_precursors/MC"
"TAAGATTGGCGGTCGT-1","SeuratProject",298185,12310,1.06477522343512,0.00469507185136744,79042,10608,"0","0","0","0","4","4","4","5","5","5","5","5","5","4",-0.691943947894735,2.85072903709471,"hRSLCs"
"TAAGCAGTAGATACTC-1","SeuratProject",150346,11534,0.501509850611257,0.011972383701595,78415,10625,"0","0","2","3","3","2","1","1","1","6","6","6","6","1",3.40482109345658,-3.02179927749574,"RGC/RPC"
"TAATAGCGCTGTACTC-1","SeuratProject",30692,8232,0.951387983839437,0.00977453408054216,76368,9982,"0","0","0","1","1","2","1","1","2","1","1","1","1","1",1.42909544266923,-1.98494167251527,"RGC/RPC"
"TAATTAAGGAGTACTG-1","SeuratProject",19699,6926,1.19803035687091,0.0101527996344992,75662,10315,"0","0","0","0","0","0","0","0","0","0","0","0","0","6",0.906317646877604,3.22168402748168,"RPC/PC"
"TACACCTTGCGGCAGG-1","SeuratProject",363305,12731,0.79492437483657,0.0107347820701614,79031,10991,"0","0","0","1","1","1","2","2","2","1","1","1","1","2",-0.822763030154867,-0.438504885863661,"RPC/PC_precursors/MC"
"TACACTGTCGAACCAA-1","SeuratProject",38712,8925,1.34325273816904,0.0103327133705311,76624,9883,"0","0","0","1","1","1","5","4","4","4","4","4","4","5",-1.76426679335372,-3.14725370330751,"RPC/PC/AC_HC/BC/MC"
"TACATTGAATACGATC-1","SeuratProject",176253,11617,1.35089899179021,0.00510629606304574,79359,10223,"0","1","1","2","2","3","3","3","3","2","2","2","2","3",-4.14832658015029,4.34326176719725,"RPE/RPE_progenitors"
"TACGGAACAGACGCGG-1","SeuratProject",211816,11712,0.362578842013823,0.014163236016165,78310,10164,"0","0","0","1","1","1","5","4","4","4","4","4","4","5",-3.43218803845183,-0.527264785003065,"RPC/PC/AC_HC/BC/MC"
"TACGGAGTCAACGAAG-1","SeuratProject",65588,9926,0.972738915655303,0.00609867658718058,76757,9921,"0","0","0","0","4","4","4","5","5","5","5","5","5","4",1.53000896729692,3.16932671146453,"hRSLCs"
"TACGGTAGTTGCGTGA-1","SeuratProject",102996,11110,1.33306147811566,0.00776729193366733,78416,11027,"0","0","0","1","1","1","2","2","2","1","1","1","1","2",-0.649459426028891,-1.68039793891847,"RPC/PC_precursors/MC"
"TACGTATCCTATCACG-1","SeuratProject",494,463,0.607287449392713,0,72247,11402,"0","0","0","0","0","0","0","0","0","0","0","0","0","6",-1.76296610079543,3.21333019809783,"RPC/PC"
"TACTCCGAAGTAGAAT-1","SeuratProject",7670,4222,0.795306388526728,0.0130378096479791,74528,10844,"0","0","0","0","0","0","0","0","0","0","0","0","0","6",0.509542162792521,-3.89745874328554,"RPC/PC"
"TAGCCGCAATACCTGC-1","SeuratProject",140815,11082,0.441714306004332,0.0149131839647765,78370,10158,"0","0","0","1","4","4","4","8","8","9","9","9","9","4",-2.71586414120929,1.57528058068812,"hRSLCs"
"TAGCGTATAGCGCTAA-1","SeuratProject",20114,7210,1.7649398428955,0.0149149845878493,75599,10451,"0","0","0","1","1","1","2","2","2","1","1","1","1","2",0.0738243416713047,-2.15016479415834,"RPC/PC_precursors/MC"
"TAGCTACCTGTAGGAT-1","SeuratProject",52181,9569,0.82213832621069,0.00958203177401736,76684,9733,"0","0","0","0","4","4","4","5","5","5","5","5","5","4",-0.440406863315268,2.2735636718756,"hRSLCs"
"TAGCTAGAGCACGCCG-1","SeuratProject",84163,10675,1.16321899171845,0.00475268229507028,78879,10665,"0","0","2","3","3","2","1","1","1","6","6","6","6","1",2.52334183015092,-1.964820336532,"RGC/RPC"
"TAGGAGGCGTATTGCC-1","SeuratProject",126391,11030,0.522980275494299,0.0118679336345151,78416,10346,"0","0","0","0","0","0","0","5","5","5","5","5","5","6",3.09262388505204,2.82981114463866,"RPC/PC"
"TAGGATGCACCGTTCA-1","SeuratProject",10639,5176,2.11486041921233,0.0281981389228311,74872,10740,"0","0","0","0","0","0","0","0","0","0","0","0","0","6",-0.954546277148886,-3.78730077667177,"RPC/PC"
"TAGGCATCGGAGCCTC-1","SeuratProject",133803,11651,1.00520915076643,0.014947347966787,78642,11112,"0","0","0","0","0","2","1","1","1","3","3","3","3","1",0.537812645809488,0.782231915760637,"RGC/RPC"
"TAGGCGAGCGATCGGT-1","SeuratProject",139827,11439,0.561408025631673,0.0171640670256817,78518,10723,"0","0","0","1","1","1","5","4","4","4","4","4","4","5",-2.3644513531758,-2.30076427383363,"RPC/PC/AC_HC/BC/MC"
"TAGGTCTTGGCTCGTC-1","SeuratProject",95622,10900,1.57285980213758,0.00418313777164251,78512,10862,"0","0","0","1","1","1","2","2","2","1","1","1","1","2",-1.70940667830245,-0.140106510352491,"RPC/PC_precursors/MC"
"TAGTGACCGTCGATTA-1","SeuratProject",34224,8215,0.458742402992052,0.00876577840112202,76723,9681,"0","0","0","1","1","1","5","4","4","4","4","4","4","5",-3.10695291004912,0.419413257408739,"RPC/PC/AC_HC/BC/MC"
"TAGTGCAGTGCGGTAG-1","SeuratProject",54487,9083,0.216565419274322,0.025694202286784,76826,9205,"0","0","0","0","0","0","0","0","0","0","0","0","0","6",1.28600042618974,-4.7801119796747,"RPC/PC"
"TAGTTCGAGTAGGAAG-1","SeuratProject",7162,4101,0.907567718514381,0.0418877408545099,74340,10885,"0","0","0","0","0","0","0","0","0","0","0","0","0","6",0.539181168453531,-3.66246051711976,"RPC/PC"
"TATCAAGGCCGCGTGG-1","SeuratProject",197761,11866,1.65553369976891,0.00657359135522171,79801,10318,"0","1","1","2","2","3","3","3","3","2","2","2","2","3",-3.83864665470855,4.26771788673461,"RPE/RPE_progenitors"
"TATCCACTTGCGTATC-1","SeuratProject",130256,11308,0.907443802972608,0.017657535929247,78526,10667,"0","0","0","1","4","4","4","8","8","9","9","9","9","4",-2.53880146585242,1.90978803114951,"hRSLCs"
"TATCTAGTGAATGATC-1","SeuratProject",33125,8494,1.13509433962264,0.0120754716981132,76442,9910,"0","0","0","1","1","1","2","2","2","1","1","1","1","2",-0.429357354266806,-1.51487893981874,"RPC/PC_precursors/MC"
"TATGACAATGCTTGAA-1","SeuratProject",151044,11664,1.1632372024046,0.011917057281322,78763,10634,"0","1","1","2","2","3","3","3","3","2","2","2","2","3",-3.22764683209197,3.09960262851775,"RPE/RPE_progenitors"
"TATGAGTTCCGAGTGA-1","SeuratProject",32258,8460,1.14080228160456,0.0186000372000744,76246,9982,"0","0","0","1","1","1","2","2","2","1","1","1","1","2",-1.16190928660171,-0.243869971465467,"RPC/PC_precursors/MC"
"TATTAACTTCCGCTCA-1","SeuratProject",72179,9529,0.576344920267668,0.0249380013577356,76506,9526,"0","1","1","2","2","3","3","3","3","2","2","2","2","3",-3.2049037262036,5.58408336715758,"RPE/RPE_progenitors"
"TCAACAGGCCATGCCG-1","SeuratProject",316956,12691,1.23392521359432,0.00662552530950668,78992,10909,"0","0","0","1","4","4","4","8","8","9","9","9","9","4",-1.08959037504928,2.58605866508544,"hRSLCs"
"TCAAGGTATCAACTTA-1","SeuratProject",25601,7724,1.03511581578845,0.0117182922542088,76221,10151,"0","0","0","1","1","1","2","2","2","1","1","1","1","2",1.11545627869828,-1.85262555999696,"RPC/PC_precursors/MC"
"TCACAAGATGACTCGA-1","SeuratProject",272258,12461,0.781244260958356,0.00624407730902306,78880,10807,"0","0","0","1","1","1","2","2","2","1","1","1","1","2",-0.365176026446981,-1.108539294433,"RPC/PC_precursors/MC"
"TCACATCCTGTCGCGG-1","SeuratProject",240474,12290,0.902800302735431,0.00790106206908023,78723,10796,"0","0","0","0","0","2","1","1","1","3","3","3","3","1",2.45344799317582,0.236586023140551,"RGC/RPC"
"TCACATTGTCGGTGAC-1","SeuratProject",80146,10544,1.05432585531405,0.0149726748683652,78972,10536,"0","0","0","1","1","1","5","4","4","4","4","4","4","5",-1.89680904589431,-2.98423213882387,"RPC/PC/AC_HC/BC/MC"
"TCACCATAGATTGTTA-1","SeuratProject",36774,8524,0.244738130200685,0.013596562788927,76442,9636,"0","0","0","0","0","0","0","0","0","0","0","0","0","6",1.37405269898637,-4.06654949111879,"RPC/PC"
"TCAGTCATTGCAAGTG-1","SeuratProject",18040,6413,0.498891352549889,0.0221729490022173,75661,10354,"0","0","0","0","0","0","0","0","0","0","0","0","0","6",3.01057022370561,2.28254025058806,"RPC/PC"
"TCAGTTCAGAATCTCG-1","SeuratProject",38486,8153,0.792495972561451,0.0051966949020423,75256,9912,"0","0","0","0","0","0","0","0","0","0","0","0","0","6",-2.07681519232528,4.12301306800902,"RPC/PC"
"TCAGTTCTCCGGACCG-1","SeuratProject",26998,7983,1.21490480776354,0.0111119342173494,76129,10178,"0","0","0","1","1","1","2","2","2","1","1","1","1","2",-0.115801636798544,-1.58328432960451,"RPC/PC_precursors/MC"
"TCATCCTAGGACTCGC-1","SeuratProject",129064,11294,0.505175726771214,0.00774809396888365,78608,10650,"0","0","0","0","0","4","4","5","5","5","5","5","5","4",1.55776279725297,2.49706779794753,"hRSLCs"
"TCATGAGTAAGACATC-1","SeuratProject",216,209,1.38888888888889,0,71875,11450,"0","0","0","0","0","0","0","0","0","0","0","0","0","6",-0.847605292422934,-4.91974182052553,"RPC/PC"
"TCATTCACTGTAATGG-1","SeuratProject",46726,9444,1.21345717587639,0.00642040833797029,76660,9838,"0","0","0","1","4","4","4","8","8","9","9","9","9","4",-1.90460509501235,1.04820119218886,"hRSLCs"
"TCATTGATAGACTTGC-1","SeuratProject",144308,11446,0.452504365662333,0.0145522077778086,78497,10653,"0","0","0","1","1","1","5","4","4","4","4","4","4","5",-2.9200662763028,-2.39758224410951,"RPC/PC/AC_HC/BC/MC"
"TCCGAGTACGACTTAG-1","SeuratProject",13872,5885,2.14100346020761,0.0288350634371396,75282,10588,"0","0","0","0","0","0","0","0","0","0","0","0","0","6",-0.160433833224936,-4.16374988479555,"RPC/PC"
"TCCGATGCGTATCCGG-1","SeuratProject",155044,11429,0.360542813652899,0.0141895203942107,78510,10447,"0","0","0","1","1","1","5","4","4","4","4","4","4","5",-2.69564366780059,-2.3857962600702,"RPC/PC/AC_HC/BC/MC"
"TCCGTCCACTCGGAGC-1","SeuratProject",12871,5696,0.784709812757362,0.0155388081734131,75078,10628,"0","0","0","0","0","0","0","0","0","0","0","0","0","6",2.67559498109086,-0.655791472625135,"RPC/PC"
"TCCTAATTGCTCAACG-1","SeuratProject",98935,11085,1.10274422600697,0.0070753525041694,78403,11061,"0","0","0","3","3","2","1","1","1","6","6","6","6","1",2.4402977780269,-0.83860106391847,"RGC/RPC"
"TCCTATCCTGTCAATA-1","SeuratProject",97485,11164,0.886290198492076,0.0112837872493204,78487,11147,"0","0","0","0","0","2","1","1","1","3","3","3","3","1",0.502877648250895,0.483224559593798,"RGC/RPC"
"TCCTGAAGCGTGCACT-1","SeuratProject",116090,10703,0.814885003014902,0.0137824101989835,78615,10184,"0","1","1","2","2","3","3","3","3","2","2","2","2","3",-3.99607915125625,4.86144762115538,"RPE/RPE_progenitors"
"TCCTTACTCGCAATGA-1","SeuratProject",66720,10303,0.725419664268585,0.00449640287769784,76757,10290,"0","0","0","0","0","2","1","1","1","3","3","3","3","1",2.72728460587724,0.922557879257799,"RGC/RPC"
"TCGATCCAGTCTGTAG-1","SeuratProject",22762,7238,1.42342500658993,0.00439328705737633,76221,10279,"0","0","2","3","3","2","1","1","1","6","6","6","6","1",2.3679773167537,-2.15823001785219,"RGC/RPC"
"TCGATCGCACCTAATC-1","SeuratProject",30545,8264,0.95924046488787,0.00654771648387625,76302,10029,"0","0","0","1","1","1","2","2","2","1","1","1","1","2",-0.634900872333212,-1.50267834587037,"RPC/PC_precursors/MC"
"TCGATCGTGAGGCGCC-1","SeuratProject",22371,7240,0.818023333780341,0.00894014572437531,75627,10198,"0","0","0","0","4","4","4","5","5","5","5","5","5","4",1.01787727631791,3.36700277404845,"hRSLCs"
"TCGATCGTTGTCTGAA-1","SeuratProject",38473,8954,0.860343617601955,0.0129961271541081,76479,9802,"0","0","0","0","0","0","0","0","0","0","0","0","0","6",1.95903461732133,-0.160036873053907,"RPC/PC"
"TCGCCTAGATAATTAA-1","SeuratProject",149023,11399,0.531461586466519,0.0147628218462922,78404,10482,"0","0","0","1","1","1","5","4","4","4","4","4","4","5",-3.15933989427821,-1.73107547683656,"RPC/PC/AC_HC/BC/MC"
"TCGCCTGGTGGATTCT-1","SeuratProject",281125,12147,0.589773232547799,0.00995998221431747,78854,10052,"0","0","0","0","4","4","4","5","5","5","5","5","5","4",-0.591888491733236,3.41805212574065,"hRSLCs"
"TCGGAATCAGCCTAAC-1","SeuratProject",21155,7259,1.01158118648074,0.0047270148900969,75144,10417,"0","0","0","0","4","4","4","8","8","9","9","9","9","4",-0.718193595035238,2.50065409021437,"hRSLCs"
"TCGGCGACCTCGCTGA-1","SeuratProject",310048,12599,0.836967179275467,0.00580555268861596,78912,10765,"0","0","0","0","0","2","1","1","1","3","3","3","3","1",2.7701842144893,-0.252320479583143,"RGC/RPC"
"TCGGCGCAGATAGATA-1","SeuratProject",54396,9704,0.948599161703066,0.0147069637473344,76871,9772,"0","0","0","0","0","0","0","0","0","0","0","0","0","6",-0.0557921572758389,-3.91494340820253,"RPC/PC"
"TCGGCGCTATCACGTG-1","SeuratProject",323285,12251,0.593903212335865,0.0102077114620227,78945,10265,"0","0","0","0","4","4","4","5","5","5","5","5","5","4",-0.555688206775351,3.11710326747954,"hRSLCs"
"TCGTAAGGCGTTCAGG-1","SeuratProject",161699,11772,0.877556447473392,0.00989492823084868,78627,10825,"0","0","0","0","0","2","1","1","1","3","3","3","3","1",0.991713459865885,1.10010312871993,"RGC/RPC"
"TCGTCAAGCCTAATCT-1","SeuratProject",5641,3237,1.34727885126751,0.0177273533061514,72543,11154,"0","0","0","0","0","0","0","0","0","0","0","0","0","6",-1.92710626564757,4.0713718421942,"RPC/PC"
"TCTAACCGTGCTAGCT-1","SeuratProject",59599,9934,1.05203107434689,0.0100672830081042,76891,9950,"0","0","0","1","1","1","2","2","2","1","1","1","1","2",-1.04041272841231,-1.62358875198305,"RPC/PC_precursors/MC"
"TCTACTATGCTAGCTC-1","SeuratProject",7350,4100,1.60544217687075,0.0136054421768707,74706,10876,"0","0","0","0","0","0","0","0","0","0","0","0","0","6",-1.29496592722671,-3.48460550231874,"RPC/PC"
"TCTATGATCGGTGCCT-1","SeuratProject",212454,12160,1.16684082201324,0.00800173213966317,78798,10861,"0","0","0","1","1","1","2","2","2","1","1","1","1","2",-0.801608864886923,-0.731634568404554,"RPC/PC_precursors/MC"
"TGAAGTATGATCGTGC-1","SeuratProject",117541,11388,1.97803319692703,0.00850766966420228,78615,10955,"0","0","0","1","4","4","4","8","8","9","9","9","9","4",-3.11488451503055,2.59043465929091,"hRSLCs"
"TGACCAACAGATAGGT-1","SeuratProject",170986,11492,0.649175955926216,0.0233937281414853,78339,10288,"0","0","0","1","1","1","5","4","4","4","4","4","4","5",-3.03636381469504,-0.722615193557142,"RPC/PC/AC_HC/BC/MC"
"TGACCAGGCTCATGCA-1","SeuratProject",177625,11551,0.532582688247713,0.0157635467980296,78580,10094,"0","1","1","2","2","3","3","3","3","2","2","2","2","3",-3.91485149107711,4.94527106361449,"RPE/RPE_progenitors"
"TGACGGAGCGCTATAC-1","SeuratProject",152511,11744,0.804532132108504,0.0118024273658949,78698,10942,"0","0","0","1","1","1","2","2","2","1","1","1","1","2",-0.926187460048361,-0.0508615486139048,"RPC/PC_precursors/MC"
"TGAGTGACCTACTCGT-1","SeuratProject",76367,10123,1.10649888040646,0.00916626291460971,76736,10122,"0","1","1","2","2","3","3","3","3","2","2","2","2","3",-3.62905168972747,4.52600913124144,"RPE/RPE_progenitors"
"TGCCAGCTATTGTAGA-1","SeuratProject",5751,3451,1.04329681794471,0.0173882802990784,74475,10978,"0","0","0","0","0","0","0","0","0","0","0","0","0","6",-2.51062417469756,3.02494781093657,"RPC/PC"
"TGCCGGCATTATAGAT-1","SeuratProject",122227,11017,0.629157223853977,0.0098177980315315,78391,10487,"0","0","0","0","0","0","0","5","5","5","5","5","5","6",3.03021639146073,2.2384047694689,"RPC/PC"
"TGCCTAAGTTAATTAT-1","SeuratProject",187899,11936,0.931883618326867,0.010111815390183,78855,10601,"0","0","0","1","4","4","4","8","8","9","9","9","9","4",-2.64259759031074,2.03690119462073,"hRSLCs"
"TGCTACGCTGCGTGGA-1","SeuratProject",46604,9286,0.678053385975453,0.0171659085057077,76733,9655,"0","0","0","0","0","0","0","5","5","5","5","5","5","6",1.88108557023271,2.68650137262404,"RPC/PC"
"TGCTACTTGTGGCTGG-1","SeuratProject",23606,7237,0.351605524019317,0.0211810556638143,76044,10170,"0","0","0","0","0","0","0","0","0","0","0","0","0","6",-2.92873810112314,5.09210591392577,"RPC/PC"
"TGGCCAACATTCTGAG-1","SeuratProject",73855,10255,0.733870421772392,0.010832035745718,76402,10253,"0","0","0","1","1","1","5","4","4","4","4","4","4","5",-1.93806332789199,-2.18742937965333,"RPC/PC/AC_HC/BC/MC"
"TGGCCAGAGTATCTCC-1","SeuratProject",55279,9805,0.922592666292805,0.0126630365961758,76849,9849,"0","0","0","0","0","2","1","1","1","3","3","3","3","1",2.69111126221879,0.811121154595019,"RGC/RPC"
"TGGTACCAGATTGTTA-1","SeuratProject",97213,11173,1.27349222840567,0.0185160420931357,78471,11162,"0","0","0","0","0","2","1","1","1","3","3","3","3","1",0.828674490825968,0.816078592110277,"RGC/RPC"
"TGGTACGTGCTGTTGA-1","SeuratProject",2887,2101,1.10841704191202,0,73297,11153,"0","0","0","0","0","0","0","0","0","0","0","0","0","6",1.35734527863725,3.05222063140929,"RPC/PC"
"TGGTAGACGTATTAAT-1","SeuratProject",38462,8869,0.785190577713068,0.0025999688003744,76509,9839,"0","0","0","0","0","0","0","5","5","5","5","5","5","6",1.20408123292192,2.06428848581374,"RPC/PC"
"TGGTAGCATCAAGTCT-1","SeuratProject",106446,11300,1.79621592168799,0.00281833042105856,78718,11012,"0","1","1","2","2","3","3","3","3","2","2","2","2","3",-3.71396023474471,3.56415705757201,"RPE/RPE_progenitors"
"TGTAAGGTGAGCGACC-1","SeuratProject",23237,7638,1.63101949477127,0.00430348151654689,75809,10318,"0","0","0","1","1","1","2","2","2","1","1","1","1","2",0.712129290478067,-1.98085040969789,"RPC/PC_precursors/MC"
"TGTAATGCACTACGAG-1","SeuratProject",263146,12455,1.1829934713049,0.00722032635875142,78879,10738,"0","0","2","3","3","2","1","1","1","6","6","6","6","1",2.66630619324906,-1.04937882347047,"RGC/RPC"
"TGTAATTGTATCCTCG-1","SeuratProject",68898,10216,0.719904786786264,0.00725710470550669,76604,10209,"0","0","0","0","4","4","4","5","5","5","5","5","5","4",-1.3446326895787,3.58289270477355,"hRSLCs"
"TGTAGGTCACTACATG-1","SeuratProject",91992,10900,0.992477606748413,0.00978345943125489,78497,10890,"0","0","0","1","1","1","2","2","2","1","1","1","1","2",-1.49040264330642,0.369148183632494,"RPC/PC_precursors/MC"
"TGTTCAGAACGGTGTA-1","SeuratProject",34027,8538,0.822875951450319,0.0176330561025068,76169,9902,"0","0","0","0","0","0","0","0","0","0","0","0","0","6",0.430793936626749,-3.58352441711366,"RPC/PC"
